-- phpMyAdmin SQL Dump
-- version 5.2.1
-- https://www.phpmyadmin.net/
--
-- Host: 127.0.0.1:3306
-- Waktu pembuatan: 13 Des 2024 pada 01.37
-- Versi server: 10.11.10-MariaDB
-- Versi PHP: 7.2.34

SET SQL_MODE = "NO_AUTO_VALUE_ON_ZERO";
START TRANSACTION;
SET time_zone = "+00:00";


/*!40101 SET @OLD_CHARACTER_SET_CLIENT=@@CHARACTER_SET_CLIENT */;
/*!40101 SET @OLD_CHARACTER_SET_RESULTS=@@CHARACTER_SET_RESULTS */;
/*!40101 SET @OLD_COLLATION_CONNECTION=@@COLLATION_CONNECTION */;
/*!40101 SET NAMES utf8mb4 */;

--
-- Database: `u581859041_karib`
--

-- --------------------------------------------------------

--
-- Struktur dari tabel `failed_jobs`
--

CREATE TABLE `failed_jobs` (
  `id` bigint(20) UNSIGNED NOT NULL,
  `uuid` varchar(255) NOT NULL,
  `connection` text NOT NULL,
  `queue` text NOT NULL,
  `payload` longtext NOT NULL,
  `exception` longtext NOT NULL,
  `failed_at` timestamp NOT NULL DEFAULT current_timestamp()
) ENGINE=InnoDB DEFAULT CHARSET=utf8mb4 COLLATE=utf8mb4_unicode_ci;

-- --------------------------------------------------------

--
-- Struktur dari tabel `migrations`
--

CREATE TABLE `migrations` (
  `id` int(10) UNSIGNED NOT NULL,
  `migration` varchar(255) NOT NULL,
  `batch` int(11) NOT NULL
) ENGINE=InnoDB DEFAULT CHARSET=utf8mb4 COLLATE=utf8mb4_unicode_ci;

--
-- Dumping data untuk tabel `migrations`
--

INSERT INTO `migrations` (`id`, `migration`, `batch`) VALUES
(1, '2014_10_12_000000_create_users_table', 1),
(2, '2014_10_12_100000_create_password_reset_tokens_table', 1),
(3, '2019_08_19_000000_create_failed_jobs_table', 1),
(4, '2019_12_14_000001_create_personal_access_tokens_table', 1),
(5, '2024_11_16_113623_tambah_tabel_penialaian', 2),
(6, '2024_11_16_115254_tambah_tabel_pegawais', 2),
(7, '2024_11_17_031225_ganti_kolom_email_jadi_usernae', 3),
(8, '2024_11_17_032643_ganti_kolom_lagi', 4),
(9, '2024_11_17_032939_ganti_kolom_lagi_2', 5),
(11, '2024_11_17_082257_tambah_tabel_ruangan', 6),
(12, '2024_11_17_082120_tambah_tabel_penilaian_ruangan', 7),
(13, '2024_11_17_132756_rename_kolom', 8),
(14, '2024_11_17_144452_delete_column', 9);

-- --------------------------------------------------------

--
-- Struktur dari tabel `password_reset_tokens`
--

CREATE TABLE `password_reset_tokens` (
  `email` varchar(255) NOT NULL,
  `token` varchar(255) NOT NULL,
  `created_at` timestamp NULL DEFAULT NULL
) ENGINE=InnoDB DEFAULT CHARSET=utf8mb4 COLLATE=utf8mb4_unicode_ci;

-- --------------------------------------------------------

--
-- Struktur dari tabel `pegawais`
--

CREATE TABLE `pegawais` (
  `id` bigint(20) UNSIGNED NOT NULL,
  `nama` varchar(50) NOT NULL,
  `ruangan` varchar(30) NOT NULL,
  `flag` varchar(20) DEFAULT NULL,
  `created_at` timestamp NULL DEFAULT NULL,
  `updated_at` timestamp NULL DEFAULT NULL
) ENGINE=InnoDB DEFAULT CHARSET=utf8mb4 COLLATE=utf8mb4_unicode_ci;

--
-- Dumping data untuk tabel `pegawais`
--

INSERT INTO `pegawais` (`id`, `nama`, `ruangan`, `flag`, `created_at`, `updated_at`) VALUES
(1, 'Devita Indah Wulandari', '1', NULL, NULL, NULL),
(2, 'Edi Trisnanto', '1', NULL, NULL, NULL),
(3, 'Gigih Agus Susiyanto', '1', NULL, NULL, NULL),
(4, 'Kuspriyadi', '1', NULL, NULL, NULL),
(5, 'Naning Tri Suhesti', '1', NULL, NULL, NULL),
(6, 'Sahid Hendy Widodo', '1', NULL, NULL, NULL),
(7, 'Satriyo Andro Wastoto', '1', NULL, NULL, NULL),
(8, 'Sudarmanto', '1', NULL, NULL, NULL),
(9, 'Agung Bintoro Aji', '2', NULL, NULL, NULL),
(10, 'Alif Juni Paresadi', '2', NULL, NULL, NULL),
(11, 'Anggit Mustika Rani', '2', NULL, NULL, NULL),
(12, 'Budi Setyo Wibowo', '2', NULL, NULL, NULL),
(13, 'Galih Setyo Utomo', '2', NULL, NULL, NULL),
(14, 'Lisvia Ayu Widyastuti', '2', NULL, NULL, NULL),
(15, 'Nur Khabibah', '2', NULL, NULL, NULL),
(16, 'Rizki Arifin', '2', NULL, NULL, NULL),
(17, 'Agus Raharjo', '3', NULL, NULL, NULL),
(18, 'Astri Hardini', '3', NULL, NULL, NULL),
(19, 'Mujib Darmawan', '3', NULL, NULL, NULL),
(20, 'Ratna Layrani Prayoga', '3', NULL, NULL, NULL),
(21, 'Suyatno', '3', NULL, NULL, NULL),
(22, 'Arif Priyono', '4', NULL, NULL, NULL),
(23, 'Bibit Setyaningrum', '4', NULL, NULL, NULL),
(24, 'Fahmi Saputra', '4', NULL, NULL, NULL),
(25, 'Novi Hardianto', '4', NULL, NULL, NULL),
(26, 'Nurharis Mustofa', '4', NULL, NULL, NULL),
(27, 'Viliyan Indaka Ardhi', '4', NULL, NULL, NULL),
(28, 'Wulandari', '4', NULL, NULL, NULL),
(29, 'Yanner Novarian Prihantoro', '4', NULL, NULL, NULL),
(30, 'Agus Priyono', '5', NULL, NULL, NULL),
(31, 'Fara Ika Nastiti', '5', NULL, NULL, NULL),
(32, 'Fitria Ekawati', '5', NULL, NULL, NULL),
(33, 'Manungku Rohmad Alhalim', '5', NULL, NULL, NULL),
(34, 'Maria Ulfa', '5', NULL, NULL, NULL),
(35, 'Tuti Lestari', '5', NULL, NULL, NULL),
(36, 'Admin', '1', 'Dihapus', '2024-12-06 07:47:14', '2024-12-06 07:49:46');

-- --------------------------------------------------------

--
-- Struktur dari tabel `penilaians`
--

CREATE TABLE `penilaians` (
  `id` bigint(20) UNSIGNED NOT NULL,
  `penilai` tinyint(4) NOT NULL,
  `pegawai_id` tinyint(4) NOT NULL,
  `tanggal_penilaian` date NOT NULL DEFAULT '2024-11-16',
  `kebersihan` tinyint(4) NOT NULL,
  `keindahan` tinyint(4) NOT NULL,
  `kerapian` tinyint(4) NOT NULL,
  `penampilan` tinyint(4) NOT NULL,
  `total_nilai` tinyint(4) NOT NULL,
  `tanggal_awal_mingguan` date NOT NULL,
  `created_at` timestamp NULL DEFAULT NULL,
  `updated_at` timestamp NULL DEFAULT NULL
) ENGINE=InnoDB DEFAULT CHARSET=utf8mb4 COLLATE=utf8mb4_unicode_ci;

--
-- Dumping data untuk tabel `penilaians`
--

INSERT INTO `penilaians` (`id`, `penilai`, `pegawai_id`, `tanggal_penilaian`, `kebersihan`, `keindahan`, `kerapian`, `penampilan`, `total_nilai`, `tanggal_awal_mingguan`, `created_at`, `updated_at`) VALUES
(10, 4, 22, '2024-11-05', 9, 8, 8, 8, 33, '2024-11-04', NULL, NULL),
(11, 4, 23, '2024-11-05', 9, 8, 9, 8, 34, '2024-11-04', NULL, NULL),
(12, 4, 24, '2024-11-05', 9, 8, 8, 8, 33, '2024-11-04', NULL, NULL),
(13, 4, 25, '2024-11-05', 9, 8, 8, 8, 33, '2024-11-04', NULL, NULL),
(14, 4, 26, '2024-11-05', 9, 8, 8, 8, 33, '2024-11-04', NULL, NULL),
(15, 4, 27, '2024-11-05', 9, 8, 8, 8, 33, '2024-11-04', NULL, NULL),
(16, 4, 28, '2024-11-05', 9, 8, 8, 8, 33, '2024-11-04', NULL, NULL),
(17, 4, 29, '2024-11-05', 9, 8, 8, 8, 33, '2024-11-04', NULL, NULL),
(18, 4, 30, '2024-11-05', 8, 9, 8, 8, 33, '2024-11-04', NULL, NULL),
(19, 4, 31, '2024-11-05', 8, 7, 7, 8, 30, '2024-11-04', NULL, NULL),
(20, 4, 32, '2024-11-05', 8, 8, 8, 8, 32, '2024-11-04', NULL, NULL),
(21, 4, 33, '2024-11-05', 7, 8, 8, 8, 31, '2024-11-04', NULL, NULL),
(22, 4, 34, '2024-11-05', 8, 8, 8, 8, 32, '2024-11-04', NULL, NULL),
(23, 4, 35, '2024-11-05', 8, 8, 8, 8, 32, '2024-11-04', NULL, NULL),
(24, 4, 9, '2024-11-05', 8, 8, 8, 8, 32, '2024-11-04', NULL, NULL),
(25, 4, 17, '2024-11-05', 8, 8, 8, 8, 32, '2024-11-04', NULL, NULL),
(26, 4, 10, '2024-11-05', 8, 8, 8, 8, 32, '2024-11-04', NULL, NULL),
(27, 4, 11, '2024-11-05', 8, 8, 8, 8, 32, '2024-11-04', NULL, NULL),
(28, 4, 18, '2024-11-05', 8, 8, 8, 8, 32, '2024-11-04', NULL, NULL),
(29, 4, 12, '2024-11-05', 8, 8, 8, 8, 32, '2024-11-04', NULL, NULL),
(30, 4, 1, '2024-11-05', 8, 8, 8, 8, 32, '2024-11-04', NULL, NULL),
(31, 4, 2, '2024-11-05', 9, 8, 8, 8, 33, '2024-11-04', NULL, NULL),
(32, 4, 13, '2024-11-05', 8, 8, 8, 8, 32, '2024-11-04', NULL, NULL),
(33, 4, 3, '2024-11-05', 8, 8, 8, 8, 32, '2024-11-04', NULL, NULL),
(34, 4, 4, '2024-11-05', 8, 8, 8, 8, 32, '2024-11-04', NULL, NULL),
(35, 4, 14, '2024-11-05', 8, 8, 8, 8, 32, '2024-11-04', NULL, NULL),
(36, 4, 19, '2024-11-05', 8, 8, 7, 8, 31, '2024-11-04', NULL, NULL),
(37, 4, 5, '2024-11-05', 8, 8, 8, 8, 32, '2024-11-04', NULL, NULL),
(38, 4, 15, '2024-11-05', 8, 8, 8, 8, 32, '2024-11-04', NULL, NULL),
(39, 4, 20, '2024-11-05', 8, 8, 8, 8, 32, '2024-11-04', NULL, NULL),
(40, 4, 16, '2024-11-05', 8, 8, 8, 8, 32, '2024-11-04', NULL, NULL),
(41, 3, 9, '2024-11-04', 9, 9, 8, 9, 35, '2024-11-04', NULL, NULL),
(42, 3, 30, '2024-11-04', 8, 9, 8, 8, 33, '2024-11-04', NULL, NULL),
(43, 3, 17, '2024-11-04', 9, 9, 9, 9, 36, '2024-11-04', NULL, NULL),
(44, 3, 10, '2024-11-04', 8, 8, 8, 8, 32, '2024-11-04', NULL, NULL),
(45, 3, 11, '2024-11-04', 8, 9, 9, 9, 35, '2024-11-04', NULL, NULL),
(46, 3, 22, '2024-11-04', 8, 8, 8, 9, 33, '2024-11-04', NULL, NULL),
(47, 3, 18, '2024-11-04', 8, 8, 8, 9, 33, '2024-11-04', NULL, NULL),
(48, 3, 23, '2024-11-04', 8, 9, 8, 9, 34, '2024-11-04', NULL, NULL),
(49, 3, 12, '2024-11-04', 8, 9, 8, 8, 33, '2024-11-04', NULL, NULL),
(50, 3, 1, '2024-11-04', 8, 8, 8, 9, 33, '2024-11-04', NULL, NULL),
(51, 3, 2, '2024-11-04', 8, 8, 8, 8, 32, '2024-11-04', NULL, NULL),
(52, 3, 24, '2024-11-04', 8, 8, 8, 9, 33, '2024-11-04', NULL, NULL),
(53, 3, 31, '2024-11-04', 8, 8, 8, 9, 33, '2024-11-04', NULL, NULL),
(54, 3, 32, '2024-11-04', 8, 8, 8, 9, 33, '2024-11-04', NULL, NULL),
(55, 3, 13, '2024-11-04', 8, 8, 8, 9, 33, '2024-11-04', NULL, NULL),
(56, 3, 3, '2024-11-04', 8, 8, 8, 8, 32, '2024-11-04', NULL, NULL),
(57, 3, 4, '2024-11-04', 8, 8, 8, 8, 32, '2024-11-04', NULL, NULL),
(58, 3, 14, '2024-11-04', 8, 8, 8, 9, 33, '2024-11-04', NULL, NULL),
(59, 3, 33, '2024-11-04', 8, 8, 8, 8, 32, '2024-11-04', NULL, NULL),
(60, 3, 34, '2024-11-04', 8, 8, 8, 9, 33, '2024-11-04', NULL, NULL),
(61, 3, 19, '2024-11-04', 8, 8, 8, 8, 32, '2024-11-04', NULL, NULL),
(62, 3, 5, '2024-11-04', 8, 8, 8, 9, 33, '2024-11-04', NULL, NULL),
(63, 3, 25, '2024-11-04', 8, 8, 8, 8, 32, '2024-11-04', NULL, NULL),
(64, 3, 15, '2024-11-04', 8, 8, 8, 9, 33, '2024-11-04', NULL, NULL),
(65, 3, 26, '2024-11-04', 8, 8, 8, 8, 32, '2024-11-04', NULL, NULL),
(66, 3, 20, '2024-11-04', 8, 8, 8, 9, 33, '2024-11-04', NULL, NULL),
(67, 3, 16, '2024-11-04', 8, 8, 8, 9, 33, '2024-11-04', NULL, NULL),
(68, 3, 6, '2024-11-04', 8, 8, 8, 8, 32, '2024-11-04', NULL, NULL),
(69, 3, 7, '2024-11-04', 8, 8, 8, 9, 33, '2024-11-04', NULL, NULL),
(70, 3, 8, '2024-11-04', 8, 8, 8, 9, 33, '2024-11-04', NULL, NULL),
(71, 3, 21, '2024-11-04', 8, 8, 8, 9, 33, '2024-11-04', NULL, NULL),
(72, 3, 35, '2024-11-04', 8, 8, 8, 9, 33, '2024-11-04', NULL, NULL),
(73, 3, 27, '2024-11-04', 8, 8, 8, 9, 33, '2024-11-04', NULL, NULL),
(74, 3, 28, '2024-11-04', 8, 8, 8, 9, 33, '2024-11-04', NULL, NULL),
(75, 3, 29, '2024-11-04', 8, 8, 8, 9, 33, '2024-11-04', NULL, NULL),
(76, 7, 9, '2024-11-04', 8, 8, 9, 10, 35, '2024-11-04', NULL, NULL),
(77, 6, 9, '2024-11-06', 9, 9, 9, 10, 37, '2024-11-04', NULL, NULL),
(78, 6, 30, '2024-11-06', 9, 9, 9, 9, 36, '2024-11-04', NULL, NULL),
(79, 6, 17, '2024-11-06', 9, 9, 9, 10, 37, '2024-11-04', NULL, NULL),
(80, 6, 10, '2024-11-06', 9, 9, 9, 10, 37, '2024-11-04', NULL, NULL),
(81, 6, 11, '2024-11-06', 9, 9, 9, 10, 37, '2024-11-04', NULL, NULL),
(82, 6, 22, '2024-11-06', 9, 9, 9, 10, 37, '2024-11-04', NULL, NULL),
(83, 6, 18, '2024-11-06', 9, 9, 9, 9, 36, '2024-11-04', NULL, NULL),
(84, 6, 23, '2024-11-06', 9, 10, 9, 10, 38, '2024-11-04', NULL, NULL),
(85, 6, 12, '2024-11-06', 9, 9, 9, 9, 36, '2024-11-04', NULL, NULL),
(86, 6, 1, '2024-11-06', 9, 9, 9, 10, 37, '2024-11-04', NULL, NULL),
(87, 6, 2, '2024-11-06', 9, 9, 9, 9, 36, '2024-11-04', NULL, NULL),
(88, 6, 24, '2024-11-06', 9, 9, 9, 9, 36, '2024-11-04', NULL, NULL),
(89, 6, 31, '2024-11-06', 9, 8, 9, 10, 36, '2024-11-04', NULL, NULL),
(90, 6, 32, '2024-11-06', 9, 9, 9, 9, 36, '2024-11-04', NULL, NULL),
(91, 6, 13, '2024-11-06', 9, 9, 9, 9, 36, '2024-11-04', NULL, NULL),
(92, 6, 3, '2024-11-06', 9, 9, 9, 9, 36, '2024-11-04', NULL, NULL),
(93, 6, 4, '2024-11-06', 9, 9, 9, 9, 36, '2024-11-04', NULL, NULL),
(94, 6, 14, '2024-11-06', 9, 9, 9, 9, 36, '2024-11-04', NULL, NULL),
(95, 6, 33, '2024-11-06', 9, 9, 9, 9, 36, '2024-11-04', NULL, NULL),
(96, 6, 34, '2024-11-06', 9, 9, 9, 9, 36, '2024-11-04', NULL, NULL),
(97, 6, 19, '2024-11-06', 8, 9, 9, 9, 35, '2024-11-04', NULL, NULL),
(98, 6, 5, '2024-11-06', 9, 9, 9, 9, 36, '2024-11-04', NULL, NULL),
(99, 6, 25, '2024-11-06', 9, 9, 9, 9, 36, '2024-11-04', NULL, NULL),
(100, 6, 15, '2024-11-06', 9, 9, 9, 8, 35, '2024-11-04', NULL, NULL),
(101, 6, 26, '2024-11-06', 9, 10, 10, 9, 38, '2024-11-04', NULL, NULL),
(102, 6, 20, '2024-11-06', 9, 9, 9, 10, 37, '2024-11-04', NULL, NULL),
(103, 6, 16, '2024-11-06', 9, 9, 9, 10, 37, '2024-11-04', NULL, NULL),
(104, 6, 6, '2024-11-06', 9, 9, 9, 9, 36, '2024-11-04', NULL, NULL),
(105, 6, 7, '2024-11-06', 9, 9, 9, 10, 37, '2024-11-04', NULL, NULL),
(106, 6, 8, '2024-11-06', 9, 9, 9, 9, 36, '2024-11-04', NULL, NULL),
(107, 6, 21, '2024-11-06', 9, 9, 9, 9, 36, '2024-11-04', NULL, NULL),
(108, 6, 35, '2024-11-06', 9, 9, 9, 9, 36, '2024-11-04', NULL, NULL),
(109, 6, 27, '2024-11-06', 9, 9, 9, 10, 37, '2024-11-04', NULL, NULL),
(110, 6, 28, '2024-11-06', 9, 9, 9, 10, 37, '2024-11-04', NULL, NULL),
(111, 6, 29, '2024-11-06', 8, 9, 9, 8, 34, '2024-11-04', NULL, NULL),
(112, 5, 9, '2024-11-07', 8, 7, 8, 7, 30, '2024-11-04', NULL, NULL),
(113, 5, 30, '2024-11-07', 7, 7, 8, 8, 30, '2024-11-04', NULL, NULL),
(114, 5, 10, '2024-11-07', 7, 7, 7, 9, 30, '2024-11-04', NULL, NULL),
(115, 5, 11, '2024-11-07', 8, 8, 8, 8, 32, '2024-11-04', NULL, NULL),
(116, 5, 22, '2024-11-07', 8, 8, 8, 8, 32, '2024-11-04', NULL, NULL),
(117, 5, 18, '2024-11-07', 8, 8, 7, 8, 31, '2024-11-04', NULL, NULL),
(118, 5, 23, '2024-11-07', 7, 7, 7, 7, 28, '2024-11-04', NULL, NULL),
(119, 5, 12, '2024-11-07', 7, 7, 7, 7, 28, '2024-11-04', NULL, NULL),
(120, 5, 1, '2024-11-07', 7, 7, 7, 8, 29, '2024-11-04', NULL, NULL),
(121, 5, 2, '2024-11-07', 7, 7, 7, 8, 29, '2024-11-04', NULL, NULL),
(122, 5, 24, '2024-11-07', 7, 7, 7, 7, 28, '2024-11-04', NULL, NULL),
(123, 5, 31, '2024-11-07', 6, 6, 6, 7, 25, '2024-11-04', NULL, NULL),
(124, 5, 32, '2024-11-07', 6, 6, 6, 7, 25, '2024-11-04', NULL, NULL),
(125, 5, 13, '2024-11-07', 8, 8, 8, 8, 32, '2024-11-04', NULL, NULL),
(126, 5, 3, '2024-11-07', 6, 6, 6, 6, 24, '2024-11-04', NULL, NULL),
(127, 5, 4, '2024-11-07', 7, 7, 8, 8, 30, '2024-11-04', NULL, NULL),
(128, 5, 14, '2024-11-07', 8, 8, 7, 8, 31, '2024-11-04', NULL, NULL),
(129, 5, 33, '2024-11-07', 7, 7, 6, 7, 27, '2024-11-04', NULL, NULL),
(130, 5, 5, '2024-11-07', 7, 8, 7, 8, 30, '2024-11-04', NULL, NULL),
(131, 5, 34, '2024-11-07', 6, 6, 6, 6, 24, '2024-11-04', NULL, NULL),
(132, 5, 19, '2024-11-07', 7, 6, 6, 8, 27, '2024-11-04', NULL, NULL),
(133, 5, 25, '2024-11-07', 7, 7, 7, 7, 28, '2024-11-04', NULL, NULL),
(134, 5, 15, '2024-11-07', 7, 7, 8, 7, 29, '2024-11-04', NULL, NULL),
(135, 7, 30, '2024-11-07', 9, 8, 8, 10, 35, '2024-11-04', NULL, NULL),
(136, 7, 17, '2024-11-07', 10, 9, 9, 10, 38, '2024-11-04', NULL, NULL),
(137, 7, 10, '2024-11-07', 9, 8, 8, 10, 35, '2024-11-04', NULL, NULL),
(138, 5, 20, '2024-11-07', 7, 7, 7, 7, 28, '2024-11-04', NULL, NULL),
(139, 5, 16, '2024-11-07', 7, 8, 8, 8, 31, '2024-11-04', NULL, NULL),
(140, 5, 6, '2024-11-07', 7, 7, 7, 7, 28, '2024-11-04', NULL, NULL),
(141, 5, 7, '2024-11-07', 7, 7, 7, 8, 29, '2024-11-04', NULL, NULL),
(142, 5, 8, '2024-11-07', 7, 7, 7, 8, 29, '2024-11-04', NULL, NULL),
(143, 5, 21, '2024-11-07', 7, 7, 7, 7, 28, '2024-11-04', NULL, NULL),
(144, 5, 35, '2024-11-07', 6, 7, 6, 7, 26, '2024-11-04', NULL, NULL),
(145, 5, 27, '2024-11-07', 7, 8, 7, 8, 30, '2024-11-04', NULL, NULL),
(146, 5, 28, '2024-11-07', 7, 7, 8, 8, 30, '2024-11-04', NULL, NULL),
(147, 5, 29, '2024-11-07', 7, 8, 7, 8, 30, '2024-11-04', NULL, NULL),
(148, 7, 11, '2024-11-07', 8, 8, 8, 8, 32, '2024-11-04', NULL, NULL),
(149, 7, 22, '2024-11-07', 8, 8, 8, 8, 32, '2024-11-04', NULL, NULL),
(150, 7, 18, '2024-11-07', 9, 8, 8, 8, 33, '2024-11-04', NULL, NULL),
(151, 7, 23, '2024-11-07', 8, 8, 8, 9, 33, '2024-11-04', NULL, NULL),
(152, 7, 12, '2024-11-07', 8, 8, 8, 8, 32, '2024-11-04', NULL, NULL),
(153, 7, 1, '2024-11-07', 8, 9, 8, 9, 34, '2024-11-04', NULL, NULL),
(154, 7, 2, '2024-11-07', 8, 8, 8, 8, 32, '2024-11-04', NULL, NULL),
(155, 7, 24, '2024-11-07', 8, 8, 8, 8, 32, '2024-11-04', NULL, NULL),
(156, 7, 31, '2024-11-07', 8, 8, 8, 9, 33, '2024-11-04', NULL, NULL),
(157, 7, 32, '2024-11-07', 8, 8, 8, 9, 33, '2024-11-04', NULL, NULL),
(158, 7, 13, '2024-11-07', 8, 8, 8, 8, 32, '2024-11-04', NULL, NULL),
(159, 7, 3, '2024-11-07', 8, 8, 8, 8, 32, '2024-11-04', NULL, NULL),
(160, 7, 4, '2024-11-07', 8, 8, 8, 8, 32, '2024-11-04', NULL, NULL),
(161, 7, 14, '2024-11-07', 8, 8, 8, 8, 32, '2024-11-04', NULL, NULL),
(162, 7, 33, '2024-11-07', 8, 8, 8, 8, 32, '2024-11-04', NULL, NULL),
(163, 7, 34, '2024-11-07', 8, 8, 8, 8, 32, '2024-11-04', NULL, NULL),
(164, 7, 19, '2024-11-07', 8, 8, 8, 8, 32, '2024-11-04', NULL, NULL),
(165, 7, 5, '2024-11-07', 8, 8, 8, 8, 32, '2024-11-04', NULL, NULL),
(166, 7, 25, '2024-11-07', 8, 8, 8, 8, 32, '2024-11-04', NULL, NULL),
(167, 7, 15, '2024-11-07', 8, 8, 8, 8, 32, '2024-11-04', NULL, NULL),
(168, 7, 26, '2024-11-07', 8, 9, 8, 8, 33, '2024-11-04', NULL, NULL),
(169, 7, 20, '2024-11-07', 8, 9, 8, 8, 33, '2024-11-04', NULL, NULL),
(170, 7, 16, '2024-11-07', 8, 8, 8, 10, 34, '2024-11-04', NULL, NULL),
(171, 7, 6, '2024-11-07', 8, 8, 8, 8, 32, '2024-11-04', NULL, NULL),
(172, 7, 7, '2024-11-07', 8, 8, 9, 8, 33, '2024-11-04', NULL, NULL),
(173, 7, 8, '2024-11-07', 8, 8, 8, 9, 33, '2024-11-04', NULL, NULL),
(174, 7, 21, '2024-11-07', 9, 9, 8, 8, 34, '2024-11-04', NULL, NULL),
(175, 7, 35, '2024-11-07', 8, 8, 8, 9, 33, '2024-11-04', NULL, NULL),
(176, 7, 27, '2024-11-07', 8, 8, 8, 9, 33, '2024-11-04', NULL, NULL),
(177, 7, 28, '2024-11-07', 8, 8, 8, 9, 33, '2024-11-04', NULL, NULL),
(178, 7, 29, '2024-11-07', 8, 8, 8, 8, 32, '2024-11-04', NULL, NULL),
(179, 4, 6, '2024-11-05', 8, 8, 8, 8, 32, '2024-11-04', NULL, NULL),
(180, 4, 8, '2024-11-05', 8, 8, 8, 7, 31, '2024-11-04', NULL, NULL),
(181, 4, 7, '2024-11-05', 8, 8, 8, 8, 32, '2024-11-04', NULL, NULL),
(182, 4, 21, '2024-11-05', 8, 8, 8, 8, 32, '2024-11-04', NULL, NULL),
(183, 6, 9, '2024-11-12', 8, 8, 8, 9, 33, '2024-11-11', NULL, NULL),
(184, 6, 11, '2024-11-12', 8, 9, 8, 9, 34, '2024-11-11', NULL, NULL),
(185, 6, 13, '2024-11-12', 8, 8, 8, 8, 32, '2024-11-11', NULL, NULL),
(186, 6, 10, '2024-11-12', 8, 8, 8, 8, 32, '2024-11-11', NULL, NULL),
(187, 6, 16, '2024-11-12', 8, 8, 8, 10, 34, '2024-11-11', NULL, NULL),
(188, 6, 14, '2024-11-12', 8, 8, 8, 9, 33, '2024-11-11', NULL, NULL),
(189, 6, 12, '2024-11-12', 8, 8, 8, 7, 31, '2024-11-11', NULL, NULL),
(190, 6, 15, '2024-11-12', 8, 8, 8, 7, 31, '2024-11-11', NULL, NULL),
(191, 6, 7, '2024-11-12', 8, 8, 8, 9, 33, '2024-11-11', NULL, NULL),
(192, 6, 4, '2024-11-12', 8, 8, 8, 7, 31, '2024-11-11', NULL, NULL),
(193, 6, 5, '2024-11-12', 8, 8, 8, 8, 32, '2024-11-11', NULL, NULL),
(194, 6, 8, '2024-11-12', 8, 8, 8, 8, 32, '2024-11-11', NULL, NULL),
(195, 6, 3, '2024-11-12', 8, 8, 8, 8, 32, '2024-11-11', NULL, NULL),
(196, 6, 1, '2024-11-12', 8, 8, 8, 9, 33, '2024-11-11', NULL, NULL),
(197, 6, 6, '2024-11-12', 8, 8, 8, 8, 32, '2024-11-11', NULL, NULL),
(198, 6, 2, '2024-11-12', 8, 8, 8, 7, 31, '2024-11-11', NULL, NULL),
(199, 6, 20, '2024-11-12', 8, 8, 8, 8, 32, '2024-11-11', NULL, NULL),
(200, 6, 18, '2024-11-12', 8, 8, 7, 7, 30, '2024-11-11', NULL, NULL),
(201, 6, 17, '2024-11-12', 8, 8, 8, 10, 34, '2024-11-11', NULL, NULL),
(202, 6, 19, '2024-11-12', 8, 9, 8, 8, 33, '2024-11-11', NULL, NULL),
(203, 6, 30, '2024-11-12', 8, 8, 9, 8, 33, '2024-11-11', NULL, NULL),
(204, 6, 31, '2024-11-12', 8, 8, 7, 8, 31, '2024-11-11', NULL, NULL),
(205, 6, 33, '2024-11-12', 8, 8, 8, 8, 32, '2024-11-11', NULL, NULL),
(206, 6, 34, '2024-11-12', 8, 7, 8, 8, 31, '2024-11-11', NULL, NULL),
(207, 6, 35, '2024-11-12', 8, 8, 8, 8, 32, '2024-11-11', NULL, NULL),
(208, 6, 32, '2024-11-12', 8, 8, 8, 7, 31, '2024-11-11', NULL, NULL),
(209, 6, 22, '2024-11-12', 8, 8, 8, 8, 32, '2024-11-11', NULL, NULL),
(210, 6, 25, '2024-11-12', 8, 8, 8, 8, 32, '2024-11-11', NULL, NULL),
(211, 6, 27, '2024-11-12', 8, 8, 8, 10, 34, '2024-11-11', NULL, NULL),
(212, 6, 28, '2024-11-12', 8, 8, 8, 8, 32, '2024-11-11', NULL, NULL),
(213, 6, 23, '2024-11-12', 8, 8, 8, 7, 31, '2024-11-11', NULL, NULL),
(214, 6, 24, '2024-11-12', 8, 8, 8, 8, 32, '2024-11-11', NULL, NULL),
(215, 6, 29, '2024-11-12', 8, 8, 8, 8, 32, '2024-11-11', NULL, NULL),
(216, 7, 9, '2024-11-13', 8, 8, 8, 9, 33, '2024-11-11', NULL, NULL),
(217, 7, 30, '2024-11-13', 8, 9, 10, 9, 36, '2024-11-11', NULL, NULL),
(218, 7, 17, '2024-11-13', 8, 8, 8, 9, 33, '2024-11-11', NULL, NULL),
(219, 7, 10, '2024-11-13', 8, 8, 8, 8, 32, '2024-11-11', NULL, NULL),
(220, 7, 11, '2024-11-13', 8, 8, 8, 8, 32, '2024-11-11', NULL, NULL),
(221, 7, 22, '2024-11-13', 8, 8, 8, 10, 34, '2024-11-11', NULL, NULL),
(222, 7, 18, '2024-11-13', 8, 9, 8, 8, 33, '2024-11-11', NULL, NULL),
(223, 7, 23, '2024-11-13', 10, 8, 8, 8, 34, '2024-11-11', NULL, NULL),
(224, 7, 12, '2024-11-13', 8, 8, 8, 8, 32, '2024-11-11', NULL, NULL),
(225, 7, 1, '2024-11-13', 8, 8, 8, 8, 32, '2024-11-11', NULL, NULL),
(226, 7, 2, '2024-11-13', 9, 8, 8, 8, 33, '2024-11-11', NULL, NULL),
(227, 7, 24, '2024-11-13', 8, 8, 8, 8, 32, '2024-11-11', NULL, NULL),
(228, 7, 31, '2024-11-13', 8, 8, 8, 10, 34, '2024-11-11', NULL, NULL),
(229, 7, 32, '2024-11-13', 8, 8, 8, 9, 33, '2024-11-11', NULL, NULL),
(230, 7, 13, '2024-11-13', 8, 8, 8, 8, 32, '2024-11-11', NULL, NULL),
(231, 7, 3, '2024-11-13', 8, 8, 8, 8, 32, '2024-11-11', NULL, NULL),
(232, 7, 4, '2024-11-13', 8, 8, 8, 8, 32, '2024-11-11', NULL, NULL),
(233, 7, 14, '2024-11-13', 8, 8, 8, 10, 34, '2024-11-11', NULL, NULL),
(234, 7, 33, '2024-11-13', 9, 8, 8, 8, 33, '2024-11-11', NULL, NULL),
(235, 7, 34, '2024-11-13', 8, 8, 8, 8, 32, '2024-11-11', NULL, NULL),
(236, 7, 19, '2024-11-13', 8, 8, 9, 9, 34, '2024-11-11', NULL, NULL),
(237, 7, 5, '2024-11-13', 8, 10, 8, 9, 35, '2024-11-11', NULL, NULL),
(238, 7, 25, '2024-11-13', 8, 8, 8, 8, 32, '2024-11-11', NULL, NULL),
(239, 7, 15, '2024-11-13', 8, 8, 8, 8, 32, '2024-11-11', NULL, NULL),
(240, 7, 26, '2024-11-13', 10, 8, 8, 8, 34, '2024-11-11', NULL, NULL),
(241, 7, 20, '2024-11-13', 10, 8, 8, 10, 36, '2024-11-11', NULL, NULL),
(242, 7, 16, '2024-11-13', 8, 8, 8, 10, 34, '2024-11-11', NULL, NULL),
(243, 7, 6, '2024-11-13', 8, 8, 8, 8, 32, '2024-11-11', NULL, NULL),
(244, 7, 7, '2024-11-13', 9, 8, 8, 8, 33, '2024-11-11', NULL, NULL),
(245, 7, 8, '2024-11-13', 8, 8, 8, 9, 33, '2024-11-11', NULL, NULL),
(246, 7, 21, '2024-11-13', 10, 8, 9, 8, 35, '2024-11-11', NULL, NULL),
(247, 7, 35, '2024-11-13', 8, 8, 8, 9, 33, '2024-11-11', NULL, NULL),
(248, 7, 27, '2024-11-13', 8, 8, 8, 10, 34, '2024-11-11', NULL, NULL),
(249, 7, 28, '2024-11-13', 8, 8, 8, 9, 33, '2024-11-11', NULL, NULL),
(250, 7, 29, '2024-11-13', 8, 8, 8, 8, 32, '2024-11-11', NULL, NULL),
(251, 4, 30, '2024-11-15', 8, 7, 8, 8, 31, '2024-11-11', NULL, NULL),
(252, 4, 32, '2024-11-15', 8, 8, 7, 8, 31, '2024-11-11', NULL, NULL),
(253, 4, 35, '2024-11-15', 8, 8, 7, 8, 31, '2024-11-11', NULL, NULL),
(254, 4, 34, '2024-11-15', 7, 7, 7, 8, 29, '2024-11-11', NULL, NULL),
(255, 4, 33, '2024-11-15', 7, 7, 7, 8, 29, '2024-11-11', NULL, NULL),
(256, 4, 31, '2024-11-15', 6, 7, 7, 8, 28, '2024-11-11', NULL, NULL),
(257, 4, 22, '2024-11-15', 9, 8, 8, 8, 33, '2024-11-11', NULL, NULL),
(258, 4, 25, '2024-11-15', 9, 8, 8, 8, 33, '2024-11-11', NULL, NULL),
(259, 4, 26, '2024-11-15', 9, 8, 8, 8, 33, '2024-11-11', NULL, NULL),
(260, 4, 27, '2024-11-15', 9, 8, 8, 8, 33, '2024-11-11', NULL, NULL),
(261, 4, 28, '2024-11-15', 9, 8, 8, 8, 33, '2024-11-11', NULL, NULL),
(262, 4, 23, '2024-11-15', 9, 8, 8, 8, 33, '2024-11-11', NULL, NULL),
(263, 4, 24, '2024-11-15', 9, 8, 8, 8, 33, '2024-11-11', NULL, NULL),
(264, 4, 29, '2024-11-15', 9, 8, 8, 8, 33, '2024-11-11', NULL, NULL),
(265, 4, 19, '2024-11-15', 8, 8, 8, 8, 32, '2024-11-11', NULL, NULL),
(266, 4, 17, '2024-11-15', 8, 8, 9, 8, 33, '2024-11-11', NULL, NULL),
(267, 4, 18, '2024-11-15', 8, 8, 8, 8, 32, '2024-11-11', NULL, NULL),
(268, 4, 20, '2024-11-15', 8, 8, 9, 8, 33, '2024-11-11', NULL, NULL),
(269, 3, 30, '2024-11-15', 8, 8, 8, 8, 32, '2024-11-11', NULL, NULL),
(270, 3, 31, '2024-11-15', 8, 8, 8, 9, 33, '2024-11-11', NULL, NULL),
(271, 3, 32, '2024-11-15', 8, 8, 8, 9, 33, '2024-11-11', NULL, NULL),
(272, 3, 34, '2024-11-15', 8, 8, 8, 9, 33, '2024-11-11', NULL, NULL),
(273, 3, 35, '2024-11-15', 8, 8, 8, 9, 33, '2024-11-11', NULL, NULL),
(274, 3, 33, '2024-11-15', 8, 8, 8, 9, 33, '2024-11-11', NULL, NULL),
(275, 3, 23, '2024-11-15', 8, 8, 8, 9, 33, '2024-11-11', NULL, NULL),
(276, 3, 22, '2024-11-15', 8, 8, 9, 9, 34, '2024-11-11', NULL, NULL),
(277, 3, 24, '2024-11-15', 8, 8, 8, 8, 32, '2024-11-11', NULL, NULL),
(278, 3, 25, '2024-11-15', 8, 8, 8, 9, 33, '2024-11-11', NULL, NULL),
(279, 3, 27, '2024-11-15', 8, 8, 9, 9, 34, '2024-11-11', NULL, NULL),
(280, 3, 29, '2024-11-15', 8, 8, 8, 8, 32, '2024-11-11', NULL, NULL),
(281, 3, 28, '2024-11-15', 8, 9, 8, 9, 34, '2024-11-11', NULL, NULL),
(282, 3, 10, '2024-11-15', 8, 8, 8, 8, 32, '2024-11-11', NULL, NULL),
(283, 3, 13, '2024-11-15', 8, 8, 8, 9, 33, '2024-11-11', NULL, NULL),
(284, 3, 9, '2024-11-15', 8, 9, 8, 9, 34, '2024-11-11', NULL, NULL),
(285, 3, 11, '2024-11-15', 8, 9, 8, 9, 34, '2024-11-11', NULL, NULL),
(286, 3, 15, '2024-11-15', 8, 8, 8, 9, 33, '2024-11-11', NULL, NULL),
(287, 3, 12, '2024-11-15', 8, 9, 8, 8, 33, '2024-11-11', NULL, NULL),
(288, 3, 14, '2024-11-15', 8, 9, 8, 9, 34, '2024-11-11', NULL, NULL),
(289, 3, 16, '2024-11-15', 8, 9, 8, 9, 34, '2024-11-11', NULL, NULL),
(290, 3, 8, '2024-11-15', 9, 9, 9, 9, 36, '2024-11-11', NULL, NULL),
(291, 3, 5, '2024-11-15', 8, 9, 8, 9, 34, '2024-11-11', NULL, NULL),
(292, 3, 4, '2024-11-15', 8, 8, 8, 8, 32, '2024-11-11', NULL, NULL),
(293, 3, 7, '2024-11-15', 8, 9, 8, 9, 34, '2024-11-11', NULL, NULL),
(294, 3, 2, '2024-11-15', 8, 8, 8, 8, 32, '2024-11-11', NULL, NULL),
(295, 3, 6, '2024-11-15', 8, 8, 8, 8, 32, '2024-11-11', NULL, NULL),
(296, 3, 1, '2024-11-15', 8, 8, 8, 9, 33, '2024-11-11', NULL, NULL),
(297, 3, 3, '2024-11-15', 8, 8, 8, 9, 33, '2024-11-11', NULL, NULL),
(298, 3, 20, '2024-11-15', 8, 9, 8, 9, 34, '2024-11-11', NULL, NULL),
(299, 3, 18, '2024-11-15', 8, 9, 8, 9, 34, '2024-11-11', NULL, NULL),
(300, 3, 17, '2024-11-15', 8, 9, 8, 9, 34, '2024-11-11', NULL, NULL),
(301, 3, 19, '2024-11-15', 8, 8, 8, 8, 32, '2024-11-11', NULL, NULL),
(302, 3, 21, '2024-11-15', 8, 8, 8, 9, 33, '2024-11-11', NULL, NULL),
(303, 4, 2, '2024-11-15', 9, 8, 8, 8, 33, '2024-11-11', NULL, NULL),
(304, 4, 6, '2024-11-15', 8, 8, 8, 8, 32, '2024-11-11', NULL, NULL),
(305, 4, 1, '2024-11-15', 8, 8, 8, 8, 32, '2024-11-11', NULL, NULL),
(306, 4, 3, '2024-11-15', 8, 8, 8, 8, 32, '2024-11-11', NULL, NULL),
(307, 4, 8, '2024-11-15', 8, 8, 8, 7, 31, '2024-11-11', NULL, NULL),
(308, 4, 5, '2024-11-15', 8, 8, 8, 8, 32, '2024-11-11', NULL, NULL),
(309, 4, 4, '2024-11-15', 8, 8, 8, 8, 32, '2024-11-11', NULL, NULL),
(310, 4, 7, '2024-11-15', 8, 9, 8, 8, 33, '2024-11-11', NULL, NULL),
(311, 4, 15, '2024-11-15', 8, 8, 8, 8, 32, '2024-11-11', NULL, NULL),
(312, 4, 12, '2024-11-15', 8, 8, 8, 8, 32, '2024-11-11', NULL, NULL),
(313, 4, 16, '2024-11-15', 8, 8, 8, 8, 32, '2024-11-11', NULL, NULL),
(314, 4, 14, '2024-11-15', 8, 8, 8, 8, 32, '2024-11-11', NULL, NULL),
(315, 4, 10, '2024-11-15', 8, 8, 8, 8, 32, '2024-11-11', NULL, NULL),
(316, 4, 13, '2024-11-15', 9, 8, 8, 8, 33, '2024-11-11', NULL, NULL),
(317, 4, 9, '2024-11-15', 8, 8, 8, 8, 32, '2024-11-11', NULL, NULL),
(318, 4, 11, '2024-11-15', 8, 8, 7, 8, 31, '2024-11-11', NULL, NULL),
(323, 5, 9, '2024-11-22', 8, 8, 8, 8, 32, '2024-11-18', '2024-11-22 12:04:42', '2024-11-22 12:04:42'),
(324, 5, 30, '2024-11-22', 7, 7, 7, 5, 26, '2024-11-18', '2024-11-22 12:05:08', '2024-11-22 12:05:08'),
(325, 5, 17, '2024-11-22', 7, 7, 9, 7, 30, '2024-11-18', '2024-11-22 12:05:33', '2024-11-22 12:05:33'),
(326, 5, 10, '2024-11-22', 8, 7, 8, 8, 31, '2024-11-18', '2024-11-22 12:06:02', '2024-11-22 12:06:02'),
(327, 5, 11, '2024-11-22', 8, 8, 8, 8, 32, '2024-11-18', '2024-11-22 12:06:21', '2024-11-22 12:06:21'),
(328, 5, 22, '2024-11-22', 8, 7, 8, 8, 31, '2024-11-18', '2024-11-22 12:06:35', '2024-11-22 12:06:35'),
(329, 5, 18, '2024-11-22', 7, 7, 8, 8, 30, '2024-11-18', '2024-11-22 12:06:49', '2024-11-22 12:06:49'),
(330, 5, 23, '2024-11-22', 8, 8, 7, 8, 31, '2024-11-18', '2024-11-22 12:07:04', '2024-11-22 12:07:04'),
(331, 5, 12, '2024-11-22', 8, 8, 8, 7, 31, '2024-11-18', '2024-11-22 12:07:19', '2024-11-22 12:07:19'),
(332, 5, 1, '2024-11-22', 7, 7, 7, 8, 29, '2024-11-18', '2024-11-22 12:07:46', '2024-11-22 12:07:46'),
(333, 5, 2, '2024-11-22', 8, 7, 9, 8, 32, '2024-11-18', '2024-11-22 12:08:09', '2024-11-22 12:08:09'),
(334, 5, 24, '2024-11-22', 8, 7, 7, 7, 29, '2024-11-18', '2024-11-22 12:08:25', '2024-11-22 12:08:25'),
(335, 5, 31, '2024-11-22', 6, 6, 7, 6, 25, '2024-11-18', '2024-11-22 12:08:52', '2024-11-22 12:08:52'),
(336, 5, 34, '2024-11-22', 6, 6, 6, 6, 24, '2024-11-18', '2024-11-22 12:09:07', '2024-11-22 12:09:07'),
(337, 5, 32, '2024-11-22', 6, 6, 6, 6, 24, '2024-11-18', '2024-11-22 12:09:31', '2024-11-22 12:09:31'),
(338, 5, 33, '2024-11-22', 6, 6, 6, 6, 24, '2024-11-18', '2024-11-22 12:09:57', '2024-11-22 12:09:57'),
(339, 5, 13, '2024-11-22', 7, 8, 8, 8, 31, '2024-11-18', '2024-11-22 12:10:22', '2024-11-22 12:10:22'),
(340, 5, 7, '2024-11-22', 8, 9, 9, 8, 34, '2024-11-18', '2024-11-22 12:10:43', '2024-11-22 12:10:43'),
(341, 5, 14, '2024-11-22', 8, 8, 8, 8, 32, '2024-11-18', '2024-11-22 12:10:58', '2024-11-22 12:10:58'),
(342, 5, 3, '2024-11-22', 7, 7, 7, 7, 28, '2024-11-18', '2024-11-22 12:11:14', '2024-11-22 12:11:14'),
(343, 5, 4, '2024-11-22', 7, 7, 7, 7, 28, '2024-11-18', '2024-11-22 12:11:29', '2024-11-22 12:11:29'),
(344, 5, 19, '2024-11-22', 6, 6, 7, 7, 26, '2024-11-18', '2024-11-22 12:11:45', '2024-11-22 12:11:45'),
(345, 5, 5, '2024-11-22', 8, 7, 8, 8, 31, '2024-11-18', '2024-11-22 12:12:06', '2024-11-22 12:12:06'),
(346, 5, 25, '2024-11-22', 7, 7, 7, 7, 28, '2024-11-18', '2024-11-22 12:12:17', '2024-11-22 12:12:17'),
(347, 5, 15, '2024-11-22', 8, 8, 7, 7, 30, '2024-11-18', '2024-11-22 12:12:46', '2024-11-22 12:12:46'),
(348, 5, 26, '2024-11-22', 7, 7, 7, 8, 29, '2024-11-18', '2024-11-22 12:13:00', '2024-11-22 12:13:00'),
(349, 5, 20, '2024-11-22', 7, 7, 8, 7, 29, '2024-11-18', '2024-11-22 12:13:20', '2024-11-22 12:13:20'),
(350, 5, 16, '2024-11-22', 8, 8, 8, 8, 32, '2024-11-18', '2024-11-22 12:13:34', '2024-11-22 12:13:34'),
(351, 5, 6, '2024-11-22', 7, 7, 7, 6, 27, '2024-11-18', '2024-11-22 12:13:47', '2024-11-22 12:13:47'),
(352, 5, 21, '2024-11-22', 7, 7, 7, 7, 28, '2024-11-18', '2024-11-22 12:14:01', '2024-11-22 12:14:01'),
(353, 5, 8, '2024-11-22', 8, 8, 8, 8, 32, '2024-11-18', '2024-11-22 12:14:14', '2024-11-22 12:14:14'),
(354, 5, 35, '2024-11-22', 6, 6, 6, 6, 24, '2024-11-18', '2024-11-22 12:14:26', '2024-11-22 12:14:26'),
(355, 5, 27, '2024-11-22', 8, 8, 7, 8, 31, '2024-11-18', '2024-11-22 12:14:41', '2024-11-22 12:14:41'),
(356, 5, 28, '2024-11-22', 7, 7, 7, 8, 29, '2024-11-18', '2024-11-22 12:14:55', '2024-11-22 12:14:55'),
(357, 3, 11, '2024-11-22', 8, 8, 8, 9, 33, '2024-11-18', '2024-11-22 12:15:07', '2024-11-22 12:15:07'),
(358, 5, 29, '2024-11-22', 7, 7, 7, 8, 29, '2024-11-18', '2024-11-22 12:15:21', '2024-11-22 12:15:21'),
(359, 3, 9, '2024-11-22', 8, 8, 8, 9, 33, '2024-11-18', '2024-11-22 12:15:49', '2024-11-22 12:15:49'),
(360, 3, 13, '2024-11-22', 8, 8, 8, 8, 32, '2024-11-18', '2024-11-22 12:16:19', '2024-11-22 12:16:19'),
(361, 3, 10, '2024-11-22', 8, 8, 8, 8, 32, '2024-11-18', '2024-11-22 12:16:53', '2024-11-22 12:16:53'),
(362, 3, 16, '2024-11-22', 8, 8, 8, 9, 33, '2024-11-18', '2024-11-22 12:17:21', '2024-11-22 12:17:21'),
(363, 3, 14, '2024-11-22', 8, 8, 8, 9, 33, '2024-11-18', '2024-11-22 12:17:47', '2024-11-22 12:17:47'),
(364, 3, 12, '2024-11-22', 8, 8, 8, 8, 32, '2024-11-18', '2024-11-22 12:18:08', '2024-11-22 12:18:08'),
(365, 3, 15, '2024-11-22', 8, 8, 8, 8, 32, '2024-11-18', '2024-11-22 12:18:28', '2024-11-22 12:18:28'),
(366, 3, 7, '2024-11-22', 8, 8, 8, 8, 32, '2024-11-18', '2024-11-22 12:18:59', '2024-11-22 12:18:59'),
(367, 3, 4, '2024-11-22', 7, 8, 8, 7, 30, '2024-11-18', '2024-11-22 12:19:25', '2024-11-22 12:19:25'),
(368, 3, 5, '2024-11-22', 8, 8, 8, 9, 33, '2024-11-18', '2024-11-22 12:19:50', '2024-11-22 12:19:50'),
(369, 3, 8, '2024-11-22', 8, 8, 8, 8, 32, '2024-11-18', '2024-11-22 12:20:11', '2024-11-22 12:20:11'),
(370, 3, 3, '2024-11-22', 8, 8, 8, 8, 32, '2024-11-18', '2024-11-22 12:20:34', '2024-11-22 12:20:46'),
(371, 3, 1, '2024-11-22', 8, 8, 8, 8, 32, '2024-11-18', '2024-11-22 12:21:03', '2024-11-22 12:21:03'),
(372, 3, 6, '2024-11-22', 8, 8, 8, 8, 32, '2024-11-18', '2024-11-22 12:21:49', '2024-11-22 12:21:49'),
(373, 3, 2, '2024-11-22', 8, 1, 8, 0, 17, '2024-11-18', '2024-11-22 12:22:04', '2024-11-22 12:22:04'),
(374, 3, 20, '2024-11-22', 8, 8, 8, 8, 32, '2024-11-18', '2024-11-22 12:22:24', '2024-11-22 12:22:24'),
(375, 3, 18, '2024-11-22', 8, 8, 8, 8, 32, '2024-11-18', '2024-11-22 12:22:49', '2024-11-22 12:22:49'),
(376, 3, 17, '2024-11-22', 8, 8, 8, 9, 33, '2024-11-18', '2024-11-22 12:23:08', '2024-11-22 12:23:08'),
(377, 3, 19, '2024-11-22', 8, 8, 8, 8, 32, '2024-11-18', '2024-11-22 12:23:27', '2024-11-22 12:23:27'),
(378, 3, 21, '2024-11-22', 8, 8, 8, 8, 32, '2024-11-18', '2024-11-22 12:23:45', '2024-11-22 12:23:45'),
(379, 3, 29, '2024-11-22', 8, 8, 8, 8, 32, '2024-11-18', '2024-11-22 12:24:16', '2024-11-22 12:24:16'),
(380, 3, 24, '2024-11-22', 8, 8, 8, 8, 32, '2024-11-18', '2024-11-22 12:24:33', '2024-11-22 12:24:33'),
(381, 3, 23, '2024-11-22', 8, 8, 8, 8, 32, '2024-11-18', '2024-11-22 12:24:53', '2024-11-22 12:24:53'),
(382, 3, 28, '2024-11-22', 8, 8, 8, 8, 32, '2024-11-18', '2024-11-22 12:25:14', '2024-11-22 12:25:14'),
(383, 3, 27, '2024-11-22', 8, 8, 8, 8, 32, '2024-11-18', '2024-11-22 12:25:36', '2024-11-22 12:25:36'),
(384, 3, 26, '2024-11-22', 8, 8, 8, 8, 32, '2024-11-18', '2024-11-22 12:25:49', '2024-11-22 12:25:49'),
(385, 3, 25, '2024-11-22', 8, 8, 8, 8, 32, '2024-11-18', '2024-11-22 12:26:02', '2024-11-22 12:26:02'),
(386, 3, 22, '2024-11-22', 8, 8, 8, 8, 32, '2024-11-18', '2024-11-22 12:26:16', '2024-11-22 12:26:16'),
(387, 3, 30, '2024-11-22', 8, 8, 7, 8, 31, '2024-11-18', '2024-11-22 12:26:30', '2024-11-22 12:26:30'),
(388, 3, 31, '2024-11-22', 8, 8, 8, 8, 32, '2024-11-18', '2024-11-22 12:26:43', '2024-11-22 12:26:43'),
(389, 3, 33, '2024-11-22', 8, 8, 8, 8, 32, '2024-11-18', '2024-11-22 12:26:58', '2024-11-22 12:26:58'),
(390, 3, 34, '2024-11-22', 8, 8, 8, 8, 32, '2024-11-18', '2024-11-22 12:27:15', '2024-11-22 12:27:15'),
(391, 3, 32, '2024-11-22', 8, 8, 8, 8, 32, '2024-11-18', '2024-11-22 12:27:27', '2024-11-22 12:27:27'),
(392, 3, 35, '2024-11-22', 8, 8, 8, 8, 32, '2024-11-18', '2024-11-22 12:27:41', '2024-11-22 12:27:41'),
(393, 4, 30, '2024-11-22', 8, 6, 7, 8, 29, '2024-11-18', '2024-11-22 14:04:25', '2024-11-22 14:04:25'),
(394, 4, 32, '2024-11-22', 6, 7, 6, 8, 27, '2024-11-18', '2024-11-22 14:05:22', '2024-11-22 14:05:22'),
(395, 4, 35, '2024-11-22', 8, 8, 8, 8, 32, '2024-11-18', '2024-11-22 14:06:17', '2024-11-22 14:06:17'),
(396, 4, 34, '2024-11-22', 8, 6, 6, 8, 28, '2024-11-18', '2024-11-22 14:07:08', '2024-11-22 14:07:08'),
(397, 4, 33, '2024-11-22', 8, 6, 7, 8, 29, '2024-11-18', '2024-11-22 14:08:01', '2024-11-22 14:08:01'),
(398, 4, 31, '2024-11-22', 7, 6, 6, 8, 27, '2024-11-18', '2024-11-22 14:08:34', '2024-11-22 14:08:34'),
(399, 4, 29, '2024-11-22', 8, 6, 7, 8, 29, '2024-11-18', '2024-11-22 14:11:38', '2024-11-22 14:11:38'),
(400, 4, 24, '2024-11-22', 7, 7, 6, 8, 28, '2024-11-18', '2024-11-22 14:12:08', '2024-11-22 14:12:08'),
(401, 4, 23, '2024-11-22', 7, 7, 8, 8, 30, '2024-11-18', '2024-11-22 14:12:48', '2024-11-22 14:12:48'),
(402, 4, 28, '2024-11-22', 8, 7, 8, 8, 31, '2024-11-18', '2024-11-22 14:13:22', '2024-11-22 14:13:22'),
(403, 4, 27, '2024-11-22', 8, 7, 8, 8, 31, '2024-11-18', '2024-11-22 14:14:15', '2024-11-22 14:14:15'),
(404, 4, 26, '2024-11-22', 8, 7, 8, 8, 31, '2024-11-18', '2024-11-22 14:14:51', '2024-11-22 14:14:51'),
(405, 4, 25, '2024-11-22', 8, 7, 7, 7, 29, '2024-11-18', '2024-11-22 14:15:45', '2024-11-22 14:15:45'),
(406, 4, 22, '2024-11-22', 8, 8, 8, 7, 31, '2024-11-18', '2024-11-22 14:16:22', '2024-11-22 14:16:22'),
(407, 4, 2, '2024-11-22', 9, 7, 9, 7, 32, '2024-11-18', '2024-11-22 14:19:09', '2024-11-22 14:19:09'),
(408, 4, 6, '2024-11-22', 6, 7, 7, 8, 28, '2024-11-18', '2024-11-22 14:20:07', '2024-11-22 14:20:07'),
(409, 4, 1, '2024-11-22', 8, 7, 7, 8, 30, '2024-11-18', '2024-11-22 14:21:11', '2024-11-22 14:21:11'),
(410, 4, 3, '2024-11-22', 8, 7, 7, 8, 30, '2024-11-18', '2024-11-22 14:22:04', '2024-11-22 14:22:04'),
(411, 4, 8, '2024-11-22', 8, 7, 9, 7, 31, '2024-11-18', '2024-11-22 14:22:56', '2024-11-22 14:22:56'),
(412, 4, 5, '2024-11-22', 8, 8, 8, 8, 32, '2024-11-18', '2024-11-22 14:23:41', '2024-11-22 14:23:41'),
(413, 4, 4, '2024-11-22', 8, 7, 6, 8, 29, '2024-11-18', '2024-11-22 14:24:30', '2024-11-22 14:24:30'),
(414, 4, 7, '2024-11-22', 8, 9, 7, 8, 32, '2024-11-18', '2024-11-22 14:25:06', '2024-11-22 14:25:06'),
(415, 4, 15, '2024-11-22', 8, 8, 7, 8, 31, '2024-11-18', '2024-11-22 14:25:46', '2024-11-22 14:25:46'),
(416, 4, 12, '2024-11-22', 8, 6, 6, 8, 28, '2024-11-18', '2024-11-22 14:26:20', '2024-11-22 14:26:20'),
(417, 4, 14, '2024-11-22', 8, 7, 7, 8, 30, '2024-11-18', '2024-11-22 14:27:04', '2024-11-22 14:27:04'),
(418, 4, 16, '2024-11-22', 8, 7, 8, 8, 31, '2024-11-18', '2024-11-22 14:27:31', '2024-11-22 14:27:31'),
(419, 4, 11, '2024-11-22', 8, 7, 7, 8, 30, '2024-11-18', '2024-11-22 14:28:26', '2024-11-22 14:28:26'),
(420, 4, 9, '2024-11-22', 8, 7, 7, 8, 30, '2024-11-18', '2024-11-22 14:29:04', '2024-11-22 14:29:04'),
(421, 4, 13, '2024-11-22', 8, 7, 7, 8, 30, '2024-11-18', '2024-11-22 14:29:26', '2024-11-22 14:29:26'),
(422, 4, 10, '2024-11-22', 8, 6, 6, 8, 28, '2024-11-18', '2024-11-22 14:29:56', '2024-11-22 14:29:56'),
(423, 4, 20, '2024-11-22', 8, 7, 8, 8, 31, '2024-11-18', '2024-11-22 14:30:37', '2024-11-22 14:30:37'),
(424, 4, 18, '2024-11-22', 8, 7, 7, 8, 30, '2024-11-18', '2024-11-22 14:31:05', '2024-11-22 14:31:05'),
(425, 4, 17, '2024-11-22', 6, 7, 7, 8, 28, '2024-11-18', '2024-11-22 14:31:51', '2024-11-22 14:31:51'),
(426, 4, 19, '2024-11-22', 6, 7, 6, 8, 27, '2024-11-18', '2024-11-22 14:32:24', '2024-11-22 14:32:24'),
(427, 4, 21, '2024-11-22', 8, 7, 7, 8, 30, '2024-11-18', '2024-11-22 14:32:53', '2024-11-22 14:32:53'),
(428, 7, 9, '2024-11-23', 8, 8, 8, 9, 33, '2024-11-18', '2024-11-23 09:47:31', '2024-11-23 09:47:31'),
(429, 7, 30, '2024-11-23', 9, 8, 8, 8, 33, '2024-11-18', '2024-11-23 09:47:52', '2024-11-23 09:47:52'),
(430, 7, 17, '2024-11-23', 8, 8, 8, 8, 32, '2024-11-18', '2024-11-23 09:48:12', '2024-11-23 09:48:12'),
(431, 7, 10, '2024-11-23', 8, 8, 8, 9, 33, '2024-11-18', '2024-11-23 09:48:27', '2024-11-23 09:48:27'),
(432, 7, 11, '2024-11-23', 8, 8, 8, 7, 31, '2024-11-18', '2024-11-23 09:48:41', '2024-11-23 09:48:41'),
(433, 7, 22, '2024-11-23', 8, 8, 8, 9, 33, '2024-11-18', '2024-11-23 09:48:57', '2024-11-23 09:48:57'),
(434, 7, 18, '2024-11-23', 8, 8, 8, 8, 32, '2024-11-18', '2024-11-23 09:49:08', '2024-11-23 09:49:08'),
(435, 7, 23, '2024-11-23', 9, 8, 8, 8, 33, '2024-11-18', '2024-11-23 09:49:28', '2024-11-23 09:49:28'),
(436, 7, 12, '2024-11-23', 8, 8, 8, 7, 31, '2024-11-18', '2024-11-23 09:49:43', '2024-11-23 09:49:43'),
(437, 7, 1, '2024-11-23', 8, 8, 8, 9, 33, '2024-11-18', '2024-11-23 09:49:54', '2024-11-23 09:49:54'),
(438, 7, 2, '2024-11-23', 8, 8, 8, 7, 31, '2024-11-18', '2024-11-23 09:50:05', '2024-11-23 09:50:05'),
(439, 7, 24, '2024-11-23', 8, 8, 8, 8, 32, '2024-11-18', '2024-11-23 09:50:16', '2024-11-23 09:50:16'),
(440, 7, 31, '2024-11-23', 8, 8, 8, 10, 34, '2024-11-18', '2024-11-23 09:50:33', '2024-11-23 09:50:33'),
(441, 7, 32, '2024-11-23', 8, 8, 8, 9, 33, '2024-11-18', '2024-11-23 09:50:48', '2024-11-23 09:50:48'),
(442, 7, 13, '2024-11-23', 8, 8, 8, 8, 32, '2024-11-18', '2024-11-23 09:51:01', '2024-11-23 09:51:01'),
(443, 7, 3, '2024-11-23', 8, 8, 8, 8, 32, '2024-11-18', '2024-11-23 09:51:13', '2024-11-23 09:51:13'),
(444, 7, 4, '2024-11-23', 8, 8, 8, 7, 31, '2024-11-18', '2024-11-23 09:51:26', '2024-11-23 09:51:26'),
(445, 7, 14, '2024-11-23', 9, 8, 7, 10, 34, '2024-11-18', '2024-11-23 09:51:46', '2024-11-23 09:51:46'),
(446, 7, 33, '2024-11-23', 8, 8, 8, 9, 33, '2024-11-18', '2024-11-23 09:52:04', '2024-11-23 09:52:04'),
(447, 7, 34, '2024-11-23', 8, 8, 8, 8, 32, '2024-11-18', '2024-11-23 09:52:17', '2024-11-23 09:52:17'),
(448, 7, 19, '2024-11-23', 8, 8, 8, 8, 32, '2024-11-18', '2024-11-23 09:52:29', '2024-11-23 09:52:29'),
(449, 7, 5, '2024-11-23', 8, 9, 8, 8, 33, '2024-11-18', '2024-11-23 09:52:43', '2024-11-23 09:52:43'),
(450, 7, 25, '2024-11-23', 8, 8, 8, 9, 33, '2024-11-18', '2024-11-23 09:52:56', '2024-11-23 09:52:56'),
(451, 7, 15, '2024-11-23', 9, 8, 8, 8, 33, '2024-11-18', '2024-11-23 09:53:12', '2024-11-23 09:53:12'),
(452, 7, 26, '2024-11-23', 9, 8, 8, 8, 33, '2024-11-18', '2024-11-23 09:53:25', '2024-11-23 09:53:25'),
(453, 7, 20, '2024-11-23', 8, 10, 8, 10, 36, '2024-11-18', '2024-11-23 09:53:40', '2024-11-23 09:53:40'),
(454, 7, 16, '2024-11-23', 8, 8, 8, 10, 34, '2024-11-18', '2024-11-23 09:54:00', '2024-11-23 09:54:00'),
(455, 7, 6, '2024-11-23', 8, 8, 8, 8, 32, '2024-11-18', '2024-11-23 09:54:13', '2024-11-23 09:54:13'),
(456, 7, 7, '2024-11-23', 10, 10, 9, 9, 38, '2024-11-18', '2024-11-23 09:54:29', '2024-11-23 09:54:29'),
(457, 7, 8, '2024-11-23', 8, 8, 8, 9, 33, '2024-11-18', '2024-11-23 09:54:55', '2024-11-23 09:54:55'),
(458, 7, 21, '2024-11-23', 9, 8, 8, 8, 33, '2024-11-18', '2024-11-23 09:55:07', '2024-11-23 09:55:07'),
(459, 7, 35, '2024-11-23', 8, 8, 8, 9, 33, '2024-11-18', '2024-11-23 09:55:18', '2024-11-23 09:55:18'),
(460, 7, 27, '2024-11-23', 8, 8, 8, 10, 34, '2024-11-18', '2024-11-23 09:55:33', '2024-11-23 09:55:33'),
(461, 7, 28, '2024-11-23', 8, 8, 8, 8, 32, '2024-11-18', '2024-11-23 09:55:45', '2024-11-23 09:55:45'),
(462, 7, 29, '2024-11-23', 8, 8, 8, 9, 33, '2024-11-18', '2024-11-23 09:55:57', '2024-11-23 09:55:57'),
(463, 4, 9, '2024-09-28', 10, 10, 10, 10, 40, '2024-09-23', '2024-11-26 01:28:35', '2024-11-26 01:28:35'),
(465, 5, 17, '2024-11-06', 8, 7, 8, 7, 30, '2024-11-04', '2024-11-26 02:36:16', '2024-11-26 02:36:16'),
(466, 5, 26, '2024-11-06', 7, 8, 7, 5, 27, '2024-11-04', '2024-11-26 02:36:48', '2024-11-26 02:36:48'),
(467, 5, 9, '2024-11-13', 9, 8, 8, 8, 33, '2024-11-11', '2024-11-26 02:39:34', '2024-11-26 02:39:34'),
(468, 5, 30, '2024-11-14', 7, 7, 8, 7, 29, '2024-11-11', '2024-11-26 02:40:02', '2024-11-26 02:40:02'),
(469, 5, 17, '2024-11-14', 7, 7, 8, 8, 30, '2024-11-11', '2024-11-26 02:40:25', '2024-11-26 02:40:25'),
(470, 5, 10, '2024-11-14', 8, 8, 8, 7, 31, '2024-11-11', '2024-11-26 02:40:59', '2024-11-26 02:40:59'),
(471, 5, 11, '2024-11-14', 8, 8, 8, 8, 32, '2024-11-11', '2024-11-26 02:43:34', '2024-11-26 02:43:34'),
(472, 5, 22, '2024-11-14', 8, 8, 8, 7, 31, '2024-11-11', '2024-11-26 02:43:49', '2024-11-26 02:43:49'),
(473, 5, 18, '2024-11-14', 7, 9, 7, 7, 30, '2024-11-11', '2024-11-26 02:44:05', '2024-11-26 02:44:05'),
(474, 5, 23, '2024-11-14', 8, 8, 7, 8, 31, '2024-11-11', '2024-11-26 02:44:20', '2024-11-26 02:44:20'),
(475, 5, 12, '2024-11-14', 7, 8, 8, 8, 31, '2024-11-11', '2024-11-26 02:44:39', '2024-11-26 02:44:39'),
(476, 5, 1, '2024-11-14', 9, 7, 7, 7, 30, '2024-11-11', '2024-11-26 02:44:58', '2024-11-26 02:44:58'),
(477, 5, 2, '2024-11-14', 8, 7, 7, 8, 30, '2024-11-11', '2024-11-26 02:45:24', '2024-11-26 02:45:24'),
(478, 5, 24, '2024-11-14', 8, 8, 8, 8, 32, '2024-11-11', '2024-11-26 02:45:43', '2024-11-26 02:45:43'),
(479, 5, 31, '2024-11-14', 6, 6, 6, 6, 24, '2024-11-11', '2024-11-26 02:45:57', '2024-11-26 02:45:57'),
(480, 5, 32, '2024-11-14', 6, 6, 6, 6, 24, '2024-11-11', '2024-11-26 02:46:17', '2024-11-26 02:46:17'),
(481, 5, 13, '2024-11-13', 8, 8, 8, 8, 32, '2024-11-11', '2024-11-26 02:46:40', '2024-11-26 02:46:40'),
(482, 5, 3, '2024-11-13', 8, 7, 7, 7, 29, '2024-11-11', '2024-11-26 02:46:56', '2024-11-26 02:46:56'),
(483, 5, 4, '2024-11-13', 8, 7, 8, 8, 31, '2024-11-11', '2024-11-26 02:47:21', '2024-11-26 02:47:21'),
(484, 5, 14, '2024-11-13', 7, 8, 8, 8, 31, '2024-11-11', '2024-11-26 02:47:45', '2024-11-26 02:47:45'),
(485, 5, 33, '2024-11-13', 6, 6, 6, 6, 24, '2024-11-11', '2024-11-26 02:47:58', '2024-11-26 02:47:58'),
(486, 5, 34, '2024-11-14', 6, 6, 6, 6, 24, '2024-11-11', '2024-11-26 02:48:15', '2024-11-26 02:48:15'),
(487, 5, 19, '2024-11-13', 8, 8, 8, 8, 32, '2024-11-11', '2024-11-26 02:48:28', '2024-11-26 02:48:28'),
(488, 5, 29, '2024-11-14', 8, 8, 8, 8, 32, '2024-11-11', '2024-11-26 02:48:47', '2024-11-26 02:48:47'),
(489, 5, 5, '2024-11-13', 8, 8, 8, 7, 31, '2024-11-11', '2024-11-26 02:49:10', '2024-11-26 02:49:10'),
(490, 5, 25, '2024-11-13', 7, 8, 8, 8, 31, '2024-11-11', '2024-11-26 02:49:28', '2024-11-26 02:49:28'),
(491, 5, 15, '2024-11-14', 8, 7, 7, 7, 29, '2024-11-11', '2024-11-26 02:49:56', '2024-11-26 02:49:56'),
(492, 5, 26, '2024-11-13', 7, 7, 8, 7, 29, '2024-11-11', '2024-11-26 02:50:14', '2024-11-26 02:50:14'),
(493, 5, 20, '2024-11-13', 7, 7, 7, 7, 28, '2024-11-11', '2024-11-26 02:50:33', '2024-11-26 02:50:33'),
(494, 5, 16, '2024-11-13', 8, 9, 7, 8, 32, '2024-11-11', '2024-11-26 02:50:55', '2024-11-26 02:50:55'),
(495, 5, 6, '2024-11-14', 8, 7, 8, 7, 30, '2024-11-11', '2024-11-26 02:51:10', '2024-11-26 02:51:10'),
(496, 5, 7, '2024-11-13', 8, 9, 8, 5, 30, '2024-11-11', '2024-11-26 02:51:26', '2024-11-26 02:51:26'),
(497, 5, 8, '2024-11-13', 8, 7, 8, 8, 31, '2024-11-11', '2024-11-26 02:51:42', '2024-11-26 02:51:42'),
(498, 5, 21, '2024-11-14', 8, 7, 7, 7, 29, '2024-11-11', '2024-11-26 02:51:57', '2024-11-26 02:51:57'),
(499, 5, 35, '2024-11-13', 6, 6, 6, 6, 24, '2024-11-11', '2024-11-26 02:52:16', '2024-11-26 02:52:16'),
(500, 5, 27, '2024-11-13', 8, 8, 8, 8, 32, '2024-11-11', '2024-11-26 02:52:32', '2024-11-26 02:52:32'),
(501, 5, 28, '2024-11-13', 7, 7, 7, 7, 28, '2024-11-11', '2024-11-26 02:52:44', '2024-11-26 02:52:44'),
(502, 4, 21, '2024-11-12', 7, 7, 8, 8, 30, '2024-11-11', '2024-11-26 04:35:08', '2024-11-26 04:35:08'),
(503, 6, 26, '2024-11-13', 9, 9, 9, 9, 36, '2024-11-11', '2024-11-26 04:38:43', '2024-11-26 04:38:43'),
(504, 6, 21, '2024-11-13', 8, 7, 8, 8, 31, '2024-11-11', '2024-11-26 04:39:11', '2024-11-26 04:39:11'),
(505, 6, 9, '2024-11-20', 8, 8, 8, 8, 32, '2024-11-18', '2024-11-26 15:08:02', '2024-11-26 15:08:02'),
(506, 6, 11, '2024-11-20', 8, 8, 8, 8, 32, '2024-11-18', '2024-11-26 15:08:48', '2024-11-26 15:08:48'),
(507, 6, 13, '2024-11-20', 8, 8, 8, 8, 32, '2024-11-18', '2024-11-26 15:09:10', '2024-11-26 15:09:10'),
(508, 6, 10, '2024-11-20', 8, 8, 8, 8, 32, '2024-11-18', '2024-11-26 15:09:39', '2024-11-26 15:09:39'),
(509, 6, 15, '2024-11-20', 8, 8, 8, 7, 31, '2024-11-18', '2024-11-26 15:10:12', '2024-11-26 15:10:12'),
(510, 6, 12, '2024-11-20', 8, 8, 8, 7, 31, '2024-11-18', '2024-11-26 15:10:55', '2024-11-26 15:10:55'),
(511, 6, 14, '2024-11-20', 8, 8, 8, 8, 32, '2024-11-18', '2024-11-26 15:12:08', '2024-11-26 15:12:08'),
(512, 6, 16, '2024-11-20', 8, 8, 8, 9, 33, '2024-11-18', '2024-11-26 15:12:32', '2024-11-26 15:12:32'),
(513, 6, 7, '2024-11-20', 8, 8, 8, 8, 32, '2024-11-18', '2024-11-26 15:12:59', '2024-11-26 15:12:59'),
(514, 6, 4, '2024-11-20', 8, 8, 8, 7, 31, '2024-11-18', '2024-11-26 15:13:41', '2024-11-26 15:13:41'),
(515, 6, 5, '2024-11-20', 8, 8, 8, 8, 32, '2024-11-18', '2024-11-26 15:14:09', '2024-11-26 15:14:09'),
(516, 6, 8, '2024-11-20', 8, 8, 8, 8, 32, '2024-11-18', '2024-11-26 15:15:09', '2024-11-26 15:15:09'),
(517, 6, 3, '2024-11-20', 8, 8, 8, 8, 32, '2024-11-18', '2024-11-26 15:15:41', '2024-11-26 15:15:41'),
(518, 6, 1, '2024-11-20', 8, 8, 8, 9, 33, '2024-11-18', '2024-11-26 15:18:25', '2024-11-26 15:18:25'),
(519, 6, 6, '2024-11-20', 8, 8, 8, 8, 32, '2024-11-18', '2024-11-26 15:18:57', '2024-11-26 15:18:57'),
(520, 6, 2, '2024-11-20', 8, 8, 8, 7, 31, '2024-11-18', '2024-11-26 15:19:40', '2024-11-26 15:19:40'),
(521, 6, 20, '2024-11-20', 7, 8, 8, 9, 32, '2024-11-18', '2024-11-26 15:20:17', '2024-11-26 15:20:17'),
(522, 6, 18, '2024-11-20', 8, 8, 7, 7, 30, '2024-11-18', '2024-11-26 15:20:52', '2024-11-26 15:20:52'),
(523, 6, 17, '2024-11-20', 8, 8, 9, 9, 34, '2024-11-18', '2024-11-26 15:21:15', '2024-11-26 15:21:15'),
(524, 6, 19, '2024-11-20', 8, 8, 8, 8, 32, '2024-11-18', '2024-11-26 15:21:49', '2024-11-26 15:21:49'),
(525, 6, 28, '2024-11-20', 8, 8, 8, 8, 32, '2024-11-18', '2024-11-26 15:22:30', '2024-11-26 15:22:30'),
(526, 6, 23, '2024-11-20', 9, 8, 8, 8, 33, '2024-11-18', '2024-11-26 15:23:49', '2024-11-26 15:23:49'),
(527, 6, 24, '2024-11-20', 8, 8, 8, 8, 32, '2024-11-18', '2024-11-26 15:24:07', '2024-11-26 15:24:07'),
(528, 6, 29, '2024-11-20', 8, 8, 7, 8, 31, '2024-11-18', '2024-11-26 15:25:00', '2024-11-26 15:25:00'),
(529, 6, 22, '2024-11-20', 8, 8, 8, 8, 32, '2024-11-18', '2024-11-26 15:25:21', '2024-11-26 15:25:21'),
(530, 6, 25, '2024-11-20', 8, 8, 8, 8, 32, '2024-11-18', '2024-11-26 15:25:38', '2024-11-26 15:25:38'),
(531, 6, 27, '2024-11-20', 8, 8, 8, 9, 33, '2024-11-18', '2024-11-26 15:26:05', '2024-11-26 15:26:05'),
(532, 6, 26, '2024-11-20', 8, 8, 8, 9, 33, '2024-11-18', '2024-11-26 15:26:26', '2024-11-26 15:26:26'),
(533, 6, 30, '2024-11-20', 8, 9, 9, 8, 34, '2024-11-18', '2024-11-26 15:27:14', '2024-11-26 15:27:14'),
(534, 6, 31, '2024-11-20', 8, 8, 8, 8, 32, '2024-11-18', '2024-11-26 15:27:30', '2024-11-26 15:27:30'),
(535, 6, 33, '2024-11-20', 8, 8, 9, 9, 34, '2024-11-18', '2024-11-26 15:27:53', '2024-11-26 15:27:53'),
(536, 6, 34, '2024-11-20', 8, 8, 8, 8, 32, '2024-11-18', '2024-11-26 15:28:13', '2024-11-26 15:28:13'),
(537, 6, 35, '2024-11-20', 8, 8, 8, 8, 32, '2024-11-18', '2024-11-26 15:28:31', '2024-11-26 15:28:31'),
(538, 6, 32, '2024-11-20', 8, 8, 8, 8, 32, '2024-11-18', '2024-11-26 15:28:47', '2024-11-26 15:28:47'),
(539, 6, 21, '2024-11-20', 8, 8, 8, 8, 32, '2024-11-18', '2024-11-26 15:29:01', '2024-11-26 15:29:01'),
(540, 4, 22, '2024-11-29', 9, 9, 9, 8, 35, '2024-11-25', '2024-11-29 10:25:36', '2024-11-29 10:25:36'),
(541, 4, 25, '2024-11-29', 8, 7, 7, 8, 30, '2024-11-25', '2024-11-29 10:26:15', '2024-11-29 10:26:15'),
(542, 4, 26, '2024-11-29', 9, 7, 8, 8, 32, '2024-11-25', '2024-11-29 10:26:48', '2024-11-29 10:26:48'),
(543, 4, 27, '2024-11-29', 9, 8, 9, 7, 33, '2024-11-25', '2024-11-29 10:27:30', '2024-11-29 10:27:30'),
(544, 4, 28, '2024-11-29', 9, 9, 8, 8, 34, '2024-11-25', '2024-11-29 10:28:03', '2024-11-29 10:28:03'),
(545, 4, 23, '2024-11-29', 9, 8, 9, 8, 34, '2024-11-25', '2024-11-29 10:28:34', '2024-11-29 10:28:34'),
(546, 4, 24, '2024-11-29', 8, 7, 8, 8, 31, '2024-11-25', '2024-11-29 10:29:15', '2024-11-29 10:29:15'),
(547, 4, 29, '2024-11-29', 7, 9, 8, 8, 32, '2024-11-25', '2024-11-29 10:29:45', '2024-11-29 10:29:45'),
(548, 4, 30, '2024-11-29', 9, 7, 7, 8, 31, '2024-11-25', '2024-11-29 10:31:56', '2024-11-29 10:31:56'),
(549, 4, 32, '2024-11-29', 7, 7, 8, 9, 31, '2024-11-25', '2024-11-29 10:32:35', '2024-11-29 10:32:35'),
(550, 4, 35, '2024-11-29', 9, 7, 8, 8, 32, '2024-11-25', '2024-11-29 10:33:01', '2024-11-29 10:33:01'),
(551, 4, 34, '2024-11-29', 8, 7, 8, 8, 31, '2024-11-25', '2024-11-29 10:33:31', '2024-11-29 10:33:31'),
(552, 4, 33, '2024-11-29', 8, 7, 8, 8, 31, '2024-11-25', '2024-11-29 10:34:00', '2024-11-29 10:34:00'),
(553, 4, 31, '2024-11-29', 7, 7, 7, 8, 29, '2024-11-25', '2024-11-29 10:34:30', '2024-11-29 10:34:30'),
(554, 4, 11, '2024-11-29', 8, 8, 8, 8, 32, '2024-11-25', '2024-11-29 10:42:33', '2024-11-29 10:42:33'),
(555, 4, 9, '2024-11-29', 8, 8, 8, 8, 32, '2024-11-25', '2024-11-29 10:43:16', '2024-11-29 10:43:16'),
(556, 4, 13, '2024-11-29', 8, 7, 7, 9, 31, '2024-11-25', '2024-11-29 10:44:12', '2024-11-29 10:44:12'),
(557, 4, 10, '2024-11-29', 8, 7, 7, 8, 30, '2024-11-25', '2024-11-29 10:45:12', '2024-11-29 10:45:12'),
(558, 4, 15, '2024-11-29', 9, 8, 8, 8, 33, '2024-11-25', '2024-11-29 10:45:38', '2024-11-29 10:45:38'),
(559, 4, 12, '2024-11-29', 8, 8, 8, 8, 32, '2024-11-25', '2024-11-29 10:46:04', '2024-11-29 10:46:04'),
(560, 4, 14, '2024-11-29', 9, 7, 8, 8, 32, '2024-11-25', '2024-11-29 10:46:39', '2024-11-29 10:46:39'),
(561, 4, 16, '2024-11-29', 9, 7, 9, 8, 33, '2024-11-25', '2024-11-29 10:46:59', '2024-11-29 10:46:59'),
(562, 4, 8, '2024-11-29', 9, 8, 9, 7, 33, '2024-11-25', '2024-11-29 10:47:16', '2024-11-29 10:47:16'),
(563, 4, 5, '2024-11-29', 8, 8, 8, 8, 32, '2024-11-25', '2024-11-29 10:47:45', '2024-11-29 10:47:45'),
(564, 4, 4, '2024-11-29', 8, 8, 8, 8, 32, '2024-11-25', '2024-11-29 10:48:16', '2024-11-29 10:48:16'),
(565, 4, 7, '2024-11-29', 9, 9, 8, 8, 34, '2024-11-25', '2024-11-29 10:48:51', '2024-11-29 10:48:51'),
(566, 4, 2, '2024-11-29', 9, 7, 9, 7, 32, '2024-11-25', '2024-11-29 10:49:25', '2024-11-29 10:49:25'),
(567, 4, 6, '2024-11-29', 7, 7, 7, 8, 29, '2024-11-25', '2024-11-29 10:49:42', '2024-11-29 10:49:42'),
(568, 4, 1, '2024-11-29', 8, 7, 8, 8, 31, '2024-11-25', '2024-11-29 10:50:25', '2024-11-29 10:50:25'),
(569, 4, 3, '2024-11-29', 8, 7, 8, 8, 31, '2024-11-25', '2024-11-29 10:50:51', '2024-11-29 10:50:51'),
(570, 4, 20, '2024-11-29', 8, 8, 9, 8, 33, '2024-11-25', '2024-11-29 10:51:34', '2024-11-29 10:51:34'),
(571, 4, 18, '2024-11-29', 9, 7, 8, 8, 32, '2024-11-25', '2024-11-29 10:51:55', '2024-11-29 10:51:55'),
(572, 4, 17, '2024-11-29', 9, 7, 8, 8, 32, '2024-11-25', '2024-11-29 10:52:14', '2024-11-29 10:52:14'),
(573, 4, 19, '2024-11-29', 7, 7, 7, 8, 29, '2024-11-25', '2024-11-29 10:52:41', '2024-11-29 10:52:41'),
(574, 4, 21, '2024-11-29', 8, 7, 8, 8, 31, '2024-11-25', '2024-11-29 10:52:58', '2024-11-29 10:52:58'),
(575, 6, 9, '2024-11-30', 8, 8, 8, 8, 32, '2024-11-25', '2024-11-30 01:33:56', '2024-11-30 01:33:56'),
(576, 6, 11, '2024-11-30', 8, 8, 8, 8, 32, '2024-11-25', '2024-11-30 01:34:15', '2024-11-30 01:34:15'),
(577, 6, 13, '2024-11-30', 8, 8, 8, 8, 32, '2024-11-25', '2024-11-30 01:34:36', '2024-11-30 01:34:36'),
(578, 6, 10, '2024-11-30', 8, 8, 8, 8, 32, '2024-11-25', '2024-11-30 01:34:50', '2024-11-30 01:34:50'),
(579, 6, 15, '2024-11-30', 8, 8, 8, 8, 32, '2024-11-25', '2024-11-30 01:35:08', '2024-11-30 01:35:08'),
(580, 6, 12, '2024-11-30', 8, 8, 8, 7, 31, '2024-11-25', '2024-11-30 01:35:40', '2024-11-30 01:35:40'),
(581, 6, 14, '2024-11-30', 8, 8, 8, 8, 32, '2024-11-25', '2024-11-30 01:36:07', '2024-11-30 01:36:07'),
(582, 6, 16, '2024-11-30', 8, 9, 8, 9, 34, '2024-11-25', '2024-11-30 01:36:33', '2024-11-30 01:36:33'),
(583, 6, 8, '2024-11-30', 8, 8, 8, 8, 32, '2024-11-25', '2024-11-30 01:37:22', '2024-11-30 01:37:22'),
(584, 6, 5, '2024-11-30', 8, 8, 8, 8, 32, '2024-11-25', '2024-11-30 01:37:42', '2024-11-30 01:37:42'),
(585, 6, 4, '2024-11-30', 8, 8, 8, 8, 32, '2024-11-25', '2024-11-30 01:38:02', '2024-11-30 01:38:02'),
(586, 6, 7, '2024-11-30', 8, 8, 8, 8, 32, '2024-11-25', '2024-11-30 01:38:15', '2024-11-30 01:38:15'),
(587, 6, 2, '2024-11-30', 8, 8, 8, 8, 32, '2024-11-25', '2024-11-30 01:38:37', '2024-11-30 01:38:37'),
(588, 6, 6, '2024-11-30', 8, 8, 8, 7, 31, '2024-11-25', '2024-11-30 01:38:56', '2024-11-30 01:38:56'),
(589, 6, 1, '2024-11-30', 8, 7, 8, 9, 32, '2024-11-25', '2024-11-30 01:39:16', '2024-11-30 01:39:16'),
(590, 6, 3, '2024-11-30', 8, 7, 8, 8, 31, '2024-11-25', '2024-11-30 01:39:53', '2024-11-30 01:39:53'),
(591, 6, 20, '2024-11-30', 8, 8, 8, 9, 33, '2024-11-25', '2024-11-30 01:40:28', '2024-11-30 01:40:28'),
(592, 6, 18, '2024-11-30', 8, 8, 8, 8, 32, '2024-11-25', '2024-11-30 01:40:43', '2024-11-30 01:40:43'),
(593, 6, 19, '2024-11-30', 8, 8, 8, 8, 32, '2024-11-25', '2024-11-30 01:40:54', '2024-11-30 01:40:54'),
(594, 6, 21, '2024-11-30', 8, 8, 8, 8, 32, '2024-11-25', '2024-11-30 01:41:10', '2024-11-30 01:41:10'),
(595, 6, 17, '2024-11-30', 8, 8, 8, 9, 33, '2024-11-25', '2024-11-30 01:41:41', '2024-11-30 01:41:41'),
(596, 6, 29, '2024-11-30', 8, 8, 8, 8, 32, '2024-11-25', '2024-11-30 01:42:15', '2024-11-30 01:42:15'),
(597, 6, 24, '2024-11-30', 8, 8, 8, 8, 32, '2024-11-25', '2024-11-30 01:42:35', '2024-11-30 01:42:35'),
(598, 6, 23, '2024-11-30', 9, 9, 8, 8, 34, '2024-11-25', '2024-11-30 01:42:56', '2024-11-30 01:42:56'),
(599, 6, 28, '2024-11-30', 8, 8, 8, 8, 32, '2024-11-25', '2024-11-30 01:43:14', '2024-11-30 01:43:14'),
(600, 6, 27, '2024-11-30', 8, 8, 8, 9, 33, '2024-11-25', '2024-11-30 01:43:30', '2024-11-30 01:43:30'),
(601, 6, 26, '2024-11-30', 9, 9, 9, 9, 36, '2024-11-25', '2024-11-30 01:43:52', '2024-11-30 01:43:52'),
(602, 6, 25, '2024-11-30', 8, 8, 8, 9, 33, '2024-11-25', '2024-11-30 01:44:10', '2024-11-30 01:44:10'),
(603, 6, 22, '2024-11-30', 8, 8, 8, 8, 32, '2024-11-25', '2024-11-30 01:44:26', '2024-11-30 01:44:26'),
(604, 6, 30, '2024-11-30', 8, 9, 8, 9, 34, '2024-11-25', '2024-11-30 01:44:45', '2024-11-30 01:44:45'),
(605, 6, 31, '2024-11-30', 8, 7, 8, 8, 31, '2024-11-25', '2024-11-30 01:45:12', '2024-11-30 01:45:12'),
(606, 6, 33, '2024-11-30', 8, 9, 8, 9, 34, '2024-11-25', '2024-11-30 01:45:31', '2024-11-30 01:45:31'),
(607, 6, 34, '2024-11-30', 8, 8, 8, 8, 32, '2024-11-25', '2024-11-30 01:45:46', '2024-11-30 01:45:46');
INSERT INTO `penilaians` (`id`, `penilai`, `pegawai_id`, `tanggal_penilaian`, `kebersihan`, `keindahan`, `kerapian`, `penampilan`, `total_nilai`, `tanggal_awal_mingguan`, `created_at`, `updated_at`) VALUES
(608, 6, 35, '2024-11-30', 8, 8, 8, 8, 32, '2024-11-25', '2024-11-30 01:46:01', '2024-11-30 01:46:01'),
(609, 6, 32, '2024-11-30', 8, 8, 8, 8, 32, '2024-11-25', '2024-11-30 01:46:14', '2024-11-30 01:46:14'),
(610, 7, 9, '2024-12-01', 8, 8, 8, 8, 32, '2024-11-25', '2024-12-01 04:48:04', '2024-12-01 04:48:04'),
(611, 7, 30, '2024-12-01', 8, 8, 8, 8, 32, '2024-11-25', '2024-12-01 04:48:30', '2024-12-01 04:48:30'),
(612, 7, 17, '2024-12-01', 8, 8, 8, 8, 32, '2024-11-25', '2024-12-01 04:48:48', '2024-12-01 04:48:48'),
(613, 7, 10, '2024-12-01', 7, 8, 8, 9, 32, '2024-11-25', '2024-12-01 04:49:24', '2024-12-01 04:49:24'),
(614, 7, 11, '2024-12-01', 8, 8, 7, 7, 30, '2024-11-25', '2024-12-01 04:49:44', '2024-12-01 04:49:44'),
(615, 7, 22, '2024-12-01', 8, 8, 8, 9, 33, '2024-11-25', '2024-12-01 04:49:56', '2024-12-01 04:49:56'),
(616, 7, 18, '2024-12-01', 9, 9, 8, 8, 34, '2024-11-25', '2024-12-01 04:50:13', '2024-12-01 04:50:13'),
(617, 7, 23, '2024-12-01', 8, 8, 8, 9, 33, '2024-11-25', '2024-12-01 04:50:29', '2024-12-01 04:50:29'),
(618, 7, 12, '2024-12-01', 8, 8, 8, 8, 32, '2024-11-25', '2024-12-01 04:50:41', '2024-12-01 04:50:41'),
(619, 7, 1, '2024-12-01', 8, 9, 8, 9, 34, '2024-11-25', '2024-12-01 04:50:55', '2024-12-01 04:50:55'),
(620, 7, 2, '2024-12-01', 8, 8, 8, 7, 31, '2024-11-25', '2024-12-01 04:51:14', '2024-12-01 04:51:14'),
(621, 7, 24, '2024-12-01', 8, 8, 8, 8, 32, '2024-11-25', '2024-12-01 04:51:26', '2024-12-01 04:51:26'),
(622, 7, 31, '2024-12-01', 8, 8, 8, 9, 33, '2024-11-25', '2024-12-01 04:51:40', '2024-12-01 04:51:40'),
(623, 7, 32, '2024-12-01', 8, 8, 8, 9, 33, '2024-11-25', '2024-12-01 04:52:00', '2024-12-01 04:52:00'),
(624, 7, 13, '2024-12-01', 8, 8, 8, 8, 32, '2024-11-25', '2024-12-01 04:52:11', '2024-12-01 04:52:11'),
(625, 7, 3, '2024-12-01', 8, 8, 8, 8, 32, '2024-11-25', '2024-12-01 04:53:11', '2024-12-01 04:53:11'),
(626, 7, 4, '2024-12-01', 8, 8, 8, 8, 32, '2024-11-25', '2024-12-01 04:53:23', '2024-12-01 04:53:23'),
(627, 7, 14, '2024-12-01', 8, 8, 8, 10, 34, '2024-11-25', '2024-12-01 04:53:35', '2024-12-01 04:53:35'),
(628, 7, 33, '2024-12-01', 8, 8, 9, 9, 34, '2024-11-25', '2024-12-01 04:53:48', '2024-12-01 04:53:48'),
(629, 7, 34, '2024-12-01', 9, 8, 8, 8, 33, '2024-11-25', '2024-12-01 04:54:01', '2024-12-01 04:54:01'),
(630, 7, 19, '2024-12-01', 8, 8, 8, 8, 32, '2024-11-25', '2024-12-01 04:54:13', '2024-12-01 04:54:13'),
(631, 7, 5, '2024-12-01', 8, 8, 8, 9, 33, '2024-11-25', '2024-12-01 04:54:28', '2024-12-01 04:54:28'),
(632, 7, 25, '2024-12-01', 8, 8, 8, 8, 32, '2024-11-25', '2024-12-01 04:54:43', '2024-12-01 04:54:43'),
(633, 7, 15, '2024-12-01', 8, 8, 8, 8, 32, '2024-11-25', '2024-12-01 04:54:54', '2024-12-01 04:54:54'),
(634, 7, 26, '2024-12-01', 9, 8, 8, 8, 33, '2024-11-25', '2024-12-01 04:55:09', '2024-12-01 04:55:09'),
(635, 7, 20, '2024-12-01', 9, 9, 9, 9, 36, '2024-11-25', '2024-12-01 04:55:22', '2024-12-01 04:55:22'),
(636, 7, 16, '2024-12-01', 8, 8, 8, 10, 34, '2024-11-25', '2024-12-01 04:55:38', '2024-12-01 04:55:38'),
(637, 7, 6, '2024-12-01', 8, 8, 8, 8, 32, '2024-11-25', '2024-12-01 04:55:50', '2024-12-01 04:55:50'),
(638, 7, 7, '2024-12-01', 10, 10, 10, 9, 39, '2024-11-25', '2024-12-01 04:56:09', '2024-12-01 04:56:09'),
(639, 7, 8, '2024-12-01', 9, 8, 8, 9, 34, '2024-11-25', '2024-12-01 04:56:22', '2024-12-01 04:56:22'),
(640, 7, 21, '2024-12-01', 9, 8, 8, 8, 33, '2024-11-25', '2024-12-01 04:56:32', '2024-12-01 04:56:32'),
(641, 7, 35, '2024-12-01', 8, 8, 8, 9, 33, '2024-11-25', '2024-12-01 04:56:43', '2024-12-01 04:56:43'),
(642, 7, 27, '2024-12-01', 8, 8, 8, 9, 33, '2024-11-25', '2024-12-01 04:56:54', '2024-12-01 04:56:54'),
(643, 7, 28, '2024-12-01', 8, 8, 8, 9, 33, '2024-11-25', '2024-12-01 04:57:05', '2024-12-01 04:57:05'),
(644, 7, 29, '2024-12-01', 8, 8, 8, 8, 32, '2024-11-25', '2024-12-01 04:57:15', '2024-12-01 04:57:15'),
(646, 6, 11, '2024-12-05', 8, 9, 8, 8, 33, '2024-12-02', '2024-12-05 09:48:06', '2024-12-05 09:48:06'),
(647, 6, 9, '2024-12-05', 8, 8, 8, 8, 32, '2024-12-02', '2024-12-05 09:48:25', '2024-12-05 09:48:25'),
(648, 6, 13, '2024-12-05', 8, 8, 8, 8, 32, '2024-12-02', '2024-12-05 09:50:01', '2024-12-05 09:50:01'),
(649, 6, 10, '2024-12-05', 8, 8, 8, 8, 32, '2024-12-02', '2024-12-05 09:50:27', '2024-12-05 09:50:27'),
(650, 6, 15, '2024-12-05', 8, 9, 8, 8, 33, '2024-12-02', '2024-12-05 09:51:29', '2024-12-05 09:51:29'),
(651, 6, 12, '2024-12-05', 7, 8, 8, 8, 31, '2024-12-02', '2024-12-05 09:52:41', '2024-12-05 09:52:41'),
(652, 6, 14, '2024-12-05', 8, 8, 8, 8, 32, '2024-12-02', '2024-12-05 09:53:35', '2024-12-05 09:53:35'),
(653, 6, 16, '2024-12-05', 9, 9, 8, 9, 35, '2024-12-02', '2024-12-05 09:54:17', '2024-12-05 09:54:17'),
(654, 6, 7, '2024-12-05', 9, 8, 8, 9, 34, '2024-12-02', '2024-12-05 09:54:47', '2024-12-05 09:54:47'),
(655, 6, 4, '2024-12-05', 8, 8, 8, 8, 32, '2024-12-02', '2024-12-05 09:55:03', '2024-12-05 09:55:03'),
(656, 6, 5, '2024-12-05', 8, 8, 8, 8, 32, '2024-12-02', '2024-12-05 09:55:28', '2024-12-05 09:55:28'),
(657, 6, 8, '2024-12-05', 9, 8, 8, 9, 34, '2024-12-02', '2024-12-05 09:55:57', '2024-12-05 09:55:57'),
(658, 6, 2, '2024-12-05', 9, 9, 8, 8, 34, '2024-12-02', '2024-12-05 09:56:29', '2024-12-05 09:56:29'),
(659, 6, 6, '2024-12-05', 7, 8, 8, 8, 31, '2024-12-02', '2024-12-05 09:56:56', '2024-12-05 09:56:56'),
(660, 6, 1, '2024-12-05', 8, 7, 8, 8, 31, '2024-12-02', '2024-12-05 09:57:22', '2024-12-05 09:57:22'),
(661, 6, 20, '2024-12-05', 8, 9, 8, 9, 34, '2024-12-02', '2024-12-05 09:57:52', '2024-12-05 09:57:52'),
(662, 6, 18, '2024-12-05', 8, 8, 8, 8, 32, '2024-12-02', '2024-12-05 09:58:26', '2024-12-05 09:58:26'),
(663, 6, 17, '2024-12-05', 9, 9, 8, 9, 35, '2024-12-02', '2024-12-05 09:58:42', '2024-12-05 09:58:42'),
(664, 6, 19, '2024-12-05', 7, 7, 8, 8, 30, '2024-12-02', '2024-12-05 09:59:06', '2024-12-05 09:59:06'),
(665, 6, 21, '2024-12-05', 8, 8, 8, 8, 32, '2024-12-02', '2024-12-05 09:59:23', '2024-12-05 09:59:23'),
(666, 6, 29, '2024-12-05', 9, 8, 8, 8, 33, '2024-12-02', '2024-12-05 10:00:10', '2024-12-05 10:00:10'),
(667, 6, 24, '2024-12-05', 8, 8, 8, 8, 32, '2024-12-02', '2024-12-05 10:00:26', '2024-12-05 10:00:26'),
(668, 6, 23, '2024-12-05', 9, 9, 8, 8, 34, '2024-12-02', '2024-12-05 10:01:12', '2024-12-05 10:01:12'),
(669, 6, 28, '2024-12-05', 9, 8, 8, 8, 33, '2024-12-02', '2024-12-05 10:01:34', '2024-12-05 10:01:34'),
(670, 6, 27, '2024-12-05', 8, 9, 8, 9, 34, '2024-12-02', '2024-12-05 10:02:06', '2024-12-05 10:02:06'),
(671, 6, 26, '2024-12-05', 9, 9, 8, 9, 35, '2024-12-02', '2024-12-05 10:02:23', '2024-12-05 10:02:23'),
(672, 6, 25, '2024-12-05', 8, 8, 8, 8, 32, '2024-12-02', '2024-12-05 10:02:41', '2024-12-05 10:02:41'),
(673, 6, 22, '2024-12-05', 8, 8, 8, 8, 32, '2024-12-02', '2024-12-05 10:02:58', '2024-12-05 10:02:58'),
(674, 6, 3, '2024-12-05', 7, 7, 7, 8, 29, '2024-12-02', '2024-12-05 10:03:41', '2024-12-05 10:03:41'),
(675, 6, 30, '2024-12-05', 8, 8, 8, 8, 32, '2024-12-02', '2024-12-05 10:03:58', '2024-12-05 10:03:58'),
(676, 6, 31, '2024-12-05', 7, 7, 8, 8, 30, '2024-12-02', '2024-12-05 10:04:28', '2024-12-05 10:04:28'),
(677, 6, 33, '2024-12-05', 8, 8, 8, 8, 32, '2024-12-02', '2024-12-05 10:04:46', '2024-12-05 10:04:46'),
(678, 6, 34, '2024-12-05', 8, 8, 8, 8, 32, '2024-12-02', '2024-12-05 10:04:56', '2024-12-05 10:04:56'),
(679, 6, 35, '2024-12-05', 7, 7, 8, 8, 30, '2024-12-02', '2024-12-05 10:05:19', '2024-12-05 10:05:19'),
(680, 6, 32, '2024-12-05', 8, 8, 8, 8, 32, '2024-12-02', '2024-12-05 10:05:57', '2024-12-05 10:05:57'),
(681, 7, 9, '2024-12-06', 8, 8, 8, 8, 32, '2024-12-02', '2024-12-06 08:29:52', '2024-12-06 08:29:52'),
(682, 7, 30, '2024-12-06', 8, 8, 8, 9, 33, '2024-12-02', '2024-12-06 08:30:11', '2024-12-06 08:30:11'),
(683, 7, 17, '2024-12-06', 8, 8, 8, 9, 33, '2024-12-02', '2024-12-06 08:30:24', '2024-12-06 08:30:24'),
(684, 7, 10, '2024-12-06', 7, 8, 8, 9, 32, '2024-12-02', '2024-12-06 08:30:39', '2024-12-06 08:30:39'),
(685, 7, 11, '2024-12-06', 8, 8, 8, 8, 32, '2024-12-02', '2024-12-06 08:30:54', '2024-12-06 08:30:54'),
(686, 7, 22, '2024-12-06', 9, 8, 8, 9, 34, '2024-12-02', '2024-12-06 08:31:14', '2024-12-06 08:31:14'),
(687, 7, 18, '2024-12-06', 9, 8, 8, 8, 33, '2024-12-02', '2024-12-06 08:31:30', '2024-12-06 08:31:30'),
(688, 7, 23, '2024-12-06', 9, 8, 8, 9, 34, '2024-12-02', '2024-12-06 08:31:49', '2024-12-06 08:31:49'),
(689, 7, 12, '2024-12-06', 8, 8, 8, 8, 32, '2024-12-02', '2024-12-06 08:32:12', '2024-12-06 08:32:12'),
(690, 7, 1, '2024-12-06', 8, 8, 8, 9, 33, '2024-12-02', '2024-12-06 08:32:28', '2024-12-06 08:32:28'),
(691, 7, 2, '2024-12-06', 9, 8, 8, 8, 33, '2024-12-02', '2024-12-06 08:32:42', '2024-12-06 08:32:42'),
(692, 7, 24, '2024-12-06', 8, 8, 8, 8, 32, '2024-12-02', '2024-12-06 08:32:54', '2024-12-06 08:32:54'),
(693, 7, 31, '2024-12-06', 8, 8, 8, 9, 33, '2024-12-02', '2024-12-06 08:33:06', '2024-12-06 08:33:06'),
(694, 7, 32, '2024-12-06', 8, 8, 9, 9, 34, '2024-12-02', '2024-12-06 08:33:37', '2024-12-06 08:33:37'),
(695, 7, 13, '2024-12-06', 8, 8, 8, 8, 32, '2024-12-02', '2024-12-06 08:33:48', '2024-12-06 08:33:48'),
(696, 7, 3, '2024-12-06', 8, 8, 8, 9, 33, '2024-12-02', '2024-12-06 08:34:01', '2024-12-06 08:34:01'),
(697, 7, 4, '2024-12-06', 8, 8, 8, 7, 31, '2024-12-02', '2024-12-06 08:34:15', '2024-12-06 08:34:15'),
(698, 7, 14, '2024-12-06', 8, 8, 8, 10, 34, '2024-12-02', '2024-12-06 08:34:30', '2024-12-06 08:34:30'),
(699, 7, 33, '2024-12-06', 9, 8, 8, 9, 34, '2024-12-02', '2024-12-06 08:35:25', '2024-12-06 08:35:25'),
(700, 7, 34, '2024-12-06', 9, 8, 9, 8, 34, '2024-12-02', '2024-12-06 08:35:44', '2024-12-06 08:35:44'),
(701, 7, 19, '2024-12-06', 7, 8, 8, 10, 33, '2024-12-02', '2024-12-06 08:36:04', '2024-12-06 08:36:04'),
(702, 7, 5, '2024-12-06', 8, 10, 8, 8, 34, '2024-12-02', '2024-12-06 08:36:18', '2024-12-06 08:36:18'),
(703, 7, 25, '2024-12-06', 7, 8, 8, 8, 31, '2024-12-02', '2024-12-06 08:36:38', '2024-12-06 08:36:38'),
(704, 7, 15, '2024-12-06', 8, 8, 8, 8, 32, '2024-12-02', '2024-12-06 08:36:50', '2024-12-06 08:36:50'),
(705, 7, 26, '2024-12-06', 9, 8, 8, 8, 33, '2024-12-02', '2024-12-06 08:37:05', '2024-12-06 08:37:05'),
(706, 7, 20, '2024-12-06', 8, 8, 9, 10, 35, '2024-12-02', '2024-12-06 08:37:33', '2024-12-06 08:37:33'),
(707, 7, 16, '2024-12-06', 8, 8, 8, 10, 34, '2024-12-02', '2024-12-06 08:37:46', '2024-12-06 08:37:46'),
(708, 7, 6, '2024-12-06', 8, 8, 8, 8, 32, '2024-12-02', '2024-12-06 08:37:59', '2024-12-06 08:37:59'),
(709, 7, 7, '2024-12-06', 10, 10, 9, 9, 38, '2024-12-02', '2024-12-06 08:38:12', '2024-12-06 08:38:12'),
(710, 7, 8, '2024-12-06', 9, 8, 8, 9, 34, '2024-12-02', '2024-12-06 08:38:27', '2024-12-06 08:38:27'),
(711, 7, 21, '2024-12-06', 8, 8, 8, 8, 32, '2024-12-02', '2024-12-06 08:38:37', '2024-12-06 08:38:37'),
(712, 7, 35, '2024-12-06', 8, 8, 8, 9, 33, '2024-12-02', '2024-12-06 08:38:48', '2024-12-06 08:38:48'),
(713, 7, 27, '2024-12-06', 8, 8, 8, 9, 33, '2024-12-02', '2024-12-06 08:38:57', '2024-12-06 08:38:57'),
(714, 7, 28, '2024-12-06', 9, 8, 8, 9, 34, '2024-12-02', '2024-12-06 08:39:09', '2024-12-06 08:39:09'),
(715, 7, 29, '2024-12-06', 8, 9, 9, 8, 34, '2024-12-02', '2024-12-06 08:39:19', '2024-12-06 08:39:19'),
(716, 4, 30, '2024-12-06', 7, 7, 6, 8, 28, '2024-12-02', '2024-12-06 13:46:48', '2024-12-06 13:46:48'),
(717, 4, 32, '2024-12-06', 8, 7, 7, 9, 31, '2024-12-02', '2024-12-06 13:47:24', '2024-12-06 13:47:24'),
(718, 4, 35, '2024-12-06', 9, 8, 8, 8, 33, '2024-12-02', '2024-12-06 13:48:04', '2024-12-06 13:48:04'),
(719, 4, 34, '2024-12-06', 8, 7, 8, 8, 31, '2024-12-02', '2024-12-06 13:48:43', '2024-12-06 13:48:43'),
(720, 4, 33, '2024-12-06', 8, 7, 7, 8, 30, '2024-12-02', '2024-12-06 13:49:29', '2024-12-06 13:49:29'),
(721, 4, 31, '2024-12-06', 7, 6, 6, 8, 27, '2024-12-02', '2024-12-06 13:49:53', '2024-12-06 13:49:53'),
(722, 4, 29, '2024-12-06', 8, 7, 8, 8, 31, '2024-12-02', '2024-12-06 13:52:17', '2024-12-06 13:52:17'),
(723, 4, 24, '2024-12-06', 8, 7, 7, 8, 30, '2024-12-02', '2024-12-06 13:52:39', '2024-12-06 13:52:39'),
(724, 4, 23, '2024-12-06', 9, 7, 8, 8, 32, '2024-12-02', '2024-12-06 13:53:17', '2024-12-06 13:53:17'),
(725, 4, 28, '2024-12-06', 8, 7, 8, 8, 31, '2024-12-02', '2024-12-06 13:53:43', '2024-12-06 13:53:43'),
(726, 4, 27, '2024-12-06', 9, 7, 9, 8, 33, '2024-12-02', '2024-12-06 13:54:22', '2024-12-06 13:54:22'),
(727, 4, 26, '2024-12-06', 8, 7, 8, 8, 31, '2024-12-02', '2024-12-06 13:54:43', '2024-12-06 13:54:43'),
(728, 4, 25, '2024-12-06', 8, 7, 7, 8, 30, '2024-12-02', '2024-12-06 13:55:12', '2024-12-06 13:55:12'),
(729, 4, 22, '2024-12-06', 8, 9, 9, 8, 34, '2024-12-02', '2024-12-06 13:55:42', '2024-12-06 13:55:42'),
(730, 4, 2, '2024-12-06', 9, 7, 8, 8, 32, '2024-12-02', '2024-12-06 13:58:36', '2024-12-06 13:58:36'),
(731, 4, 6, '2024-12-06', 7, 7, 6, 8, 28, '2024-12-02', '2024-12-06 13:59:13', '2024-12-06 13:59:13'),
(732, 4, 1, '2024-12-06', 8, 7, 9, 8, 32, '2024-12-02', '2024-12-06 13:59:41', '2024-12-06 13:59:41'),
(733, 4, 3, '2024-12-06', 8, 7, 6, 8, 29, '2024-12-02', '2024-12-06 14:00:03', '2024-12-06 14:00:03'),
(734, 4, 7, '2024-12-06', 9, 9, 8, 8, 34, '2024-12-02', '2024-12-06 14:00:36', '2024-12-06 14:00:36'),
(735, 4, 4, '2024-12-06', 7, 7, 8, 8, 30, '2024-12-02', '2024-12-06 14:00:58', '2024-12-06 14:00:58'),
(736, 4, 5, '2024-12-06', 9, 8, 9, 8, 34, '2024-12-02', '2024-12-06 14:01:34', '2024-12-06 14:01:34'),
(737, 4, 8, '2024-12-06', 9, 8, 9, 7, 33, '2024-12-02', '2024-12-06 14:01:56', '2024-12-06 14:01:56'),
(738, 4, 16, '2024-12-06', 9, 8, 9, 8, 34, '2024-12-02', '2024-12-06 14:02:23', '2024-12-06 14:02:23'),
(739, 4, 14, '2024-12-06', 9, 8, 9, 8, 34, '2024-12-02', '2024-12-06 14:02:45', '2024-12-06 14:02:45'),
(740, 4, 12, '2024-12-06', 9, 7, 8, 8, 32, '2024-12-02', '2024-12-06 14:03:17', '2024-12-06 14:03:17'),
(741, 4, 15, '2024-12-06', 9, 8, 9, 8, 34, '2024-12-02', '2024-12-06 14:03:39', '2024-12-06 14:03:39'),
(742, 4, 11, '2024-12-06', 9, 8, 8, 8, 33, '2024-12-02', '2024-12-06 14:04:05', '2024-12-06 14:04:05'),
(743, 4, 9, '2024-12-06', 8, 7, 8, 8, 31, '2024-12-02', '2024-12-06 14:04:32', '2024-12-06 14:04:32'),
(744, 4, 13, '2024-12-06', 9, 7, 9, 8, 33, '2024-12-02', '2024-12-06 14:04:57', '2024-12-06 14:04:57'),
(745, 4, 10, '2024-12-06', 6, 6, 6, 8, 26, '2024-12-02', '2024-12-06 14:05:24', '2024-12-06 14:05:24'),
(746, 4, 18, '2024-12-06', 8, 7, 7, 8, 30, '2024-12-02', '2024-12-06 14:06:11', '2024-12-06 14:06:11'),
(747, 4, 20, '2024-12-06', 9, 8, 9, 8, 34, '2024-12-02', '2024-12-06 14:06:40', '2024-12-06 14:06:40'),
(748, 4, 17, '2024-12-06', 9, 8, 9, 8, 34, '2024-12-02', '2024-12-06 14:07:11', '2024-12-06 14:07:11'),
(749, 4, 19, '2024-12-06', 7, 7, 8, 8, 30, '2024-12-02', '2024-12-06 14:07:45', '2024-12-06 14:07:45'),
(750, 4, 21, '2024-12-06', 8, 7, 8, 8, 31, '2024-12-02', '2024-12-06 14:08:13', '2024-12-06 14:08:13'),
(751, 7, 9, '2024-12-10', 8, 8, 8, 9, 33, '2024-12-09', '2024-12-10 02:14:24', '2024-12-10 02:14:24'),
(752, 7, 30, '2024-12-10', 8, 8, 8, 9, 33, '2024-12-09', '2024-12-10 02:14:35', '2024-12-10 02:14:35'),
(753, 7, 17, '2024-12-10', 8, 8, 8, 9, 33, '2024-12-09', '2024-12-10 02:14:53', '2024-12-10 02:14:53'),
(754, 7, 10, '2024-12-10', 8, 8, 8, 8, 32, '2024-12-09', '2024-12-10 02:15:09', '2024-12-10 02:15:09'),
(755, 7, 11, '2024-12-10', 8, 8, 8, 8, 32, '2024-12-09', '2024-12-10 02:17:15', '2024-12-10 02:17:15'),
(756, 7, 22, '2024-12-10', 8, 8, 8, 9, 33, '2024-12-09', '2024-12-10 02:17:31', '2024-12-10 02:17:31'),
(757, 7, 18, '2024-12-10', 8, 8, 8, 8, 32, '2024-12-09', '2024-12-10 02:17:49', '2024-12-10 02:17:49'),
(758, 7, 23, '2024-12-10', 8, 9, 8, 9, 34, '2024-12-09', '2024-12-10 02:18:34', '2024-12-10 02:18:34'),
(759, 7, 12, '2024-12-10', 8, 8, 8, 8, 32, '2024-12-09', '2024-12-10 02:18:56', '2024-12-10 02:18:56'),
(760, 7, 1, '2024-12-10', 8, 8, 8, 9, 33, '2024-12-09', '2024-12-10 02:19:23', '2024-12-10 02:19:23'),
(761, 7, 2, '2024-12-10', 8, 7, 8, 9, 32, '2024-12-09', '2024-12-10 02:20:06', '2024-12-10 02:20:06'),
(762, 7, 24, '2024-12-10', 8, 8, 8, 8, 32, '2024-12-09', '2024-12-10 02:20:19', '2024-12-10 02:20:19'),
(763, 7, 31, '2024-12-10', 8, 9, 8, 10, 35, '2024-12-09', '2024-12-10 02:24:58', '2024-12-10 02:24:58'),
(764, 7, 32, '2024-12-10', 9, 8, 8, 9, 34, '2024-12-09', '2024-12-10 02:25:14', '2024-12-10 02:25:14'),
(765, 7, 13, '2024-12-10', 8, 9, 8, 8, 33, '2024-12-09', '2024-12-10 02:25:31', '2024-12-10 02:25:31'),
(766, 7, 19, '2024-12-10', 8, 8, 8, 8, 32, '2024-12-09', '2024-12-10 02:25:51', '2024-12-10 02:25:51'),
(767, 7, 3, '2024-12-10', 8, 8, 8, 8, 32, '2024-12-09', '2024-12-10 02:26:03', '2024-12-10 02:26:03'),
(768, 7, 4, '2024-12-10', 8, 8, 8, 7, 31, '2024-12-09', '2024-12-10 02:26:28', '2024-12-10 02:26:28'),
(769, 7, 14, '2024-12-10', 8, 9, 8, 10, 35, '2024-12-09', '2024-12-10 02:26:47', '2024-12-10 02:26:47'),
(770, 7, 33, '2024-12-10', 9, 8, 8, 10, 35, '2024-12-09', '2024-12-10 02:27:07', '2024-12-10 02:27:07'),
(771, 7, 34, '2024-12-10', 9, 9, 8, 8, 34, '2024-12-09', '2024-12-10 02:28:19', '2024-12-10 02:28:19'),
(772, 7, 5, '2024-12-10', 8, 9, 9, 9, 35, '2024-12-09', '2024-12-10 02:28:48', '2024-12-10 02:28:48'),
(773, 7, 25, '2024-12-10', 9, 8, 8, 9, 34, '2024-12-09', '2024-12-10 02:29:00', '2024-12-10 02:29:00'),
(774, 7, 15, '2024-12-10', 8, 9, 8, 8, 33, '2024-12-09', '2024-12-10 02:29:13', '2024-12-10 02:29:13'),
(775, 7, 26, '2024-12-10', 10, 8, 9, 8, 35, '2024-12-09', '2024-12-10 02:29:27', '2024-12-10 02:29:27'),
(776, 7, 20, '2024-12-10', 8, 9, 9, 10, 36, '2024-12-09', '2024-12-10 02:29:41', '2024-12-10 02:29:41'),
(777, 7, 16, '2024-12-10', 8, 9, 8, 10, 35, '2024-12-09', '2024-12-10 02:29:57', '2024-12-10 02:29:57'),
(778, 7, 6, '2024-12-10', 8, 8, 8, 8, 32, '2024-12-09', '2024-12-10 02:30:15', '2024-12-10 02:30:15'),
(779, 7, 7, '2024-12-10', 9, 10, 9, 9, 37, '2024-12-09', '2024-12-10 02:30:30', '2024-12-10 02:30:30'),
(780, 7, 8, '2024-12-10', 9, 8, 8, 9, 34, '2024-12-09', '2024-12-10 02:30:41', '2024-12-10 02:30:41'),
(781, 7, 21, '2024-12-10', 9, 8, 9, 9, 35, '2024-12-09', '2024-12-10 02:30:56', '2024-12-10 02:30:56'),
(782, 7, 35, '2024-12-10', 9, 8, 8, 9, 34, '2024-12-09', '2024-12-10 02:31:08', '2024-12-10 02:31:08'),
(783, 7, 27, '2024-12-10', 9, 8, 8, 10, 35, '2024-12-09', '2024-12-10 02:31:25', '2024-12-10 02:31:25'),
(784, 7, 28, '2024-12-10', 8, 9, 8, 9, 34, '2024-12-09', '2024-12-10 02:31:38', '2024-12-10 02:31:38'),
(785, 7, 29, '2024-12-10', 8, 9, 8, 8, 33, '2024-12-09', '2024-12-10 02:31:59', '2024-12-10 02:31:59'),
(786, 3, 30, '2024-12-10', 8, 8, 8, 8, 32, '2024-12-09', '2024-12-10 12:00:27', '2024-12-10 12:00:27'),
(787, 3, 35, '2024-12-10', 8, 8, 8, 8, 32, '2024-12-09', '2024-12-10 12:01:14', '2024-12-10 12:01:14'),
(788, 3, 31, '2024-12-10', 8, 8, 8, 8, 32, '2024-12-09', '2024-12-10 12:01:32', '2024-12-10 12:01:32'),
(789, 3, 33, '2024-12-10', 8, 8, 8, 8, 32, '2024-12-09', '2024-12-10 12:01:59', '2024-12-10 12:01:59'),
(790, 3, 34, '2024-12-10', 8, 8, 8, 8, 32, '2024-12-09', '2024-12-10 12:02:22', '2024-12-10 12:02:22'),
(791, 3, 32, '2024-12-10', 9, 8, 8, 8, 33, '2024-12-09', '2024-12-10 12:03:08', '2024-12-10 12:03:08'),
(792, 3, 22, '2024-12-10', 8, 8, 8, 8, 32, '2024-12-09', '2024-12-10 12:04:19', '2024-12-10 12:04:19'),
(793, 3, 24, '2024-12-10', 8, 8, 8, 8, 32, '2024-12-09', '2024-12-10 12:04:37', '2024-12-10 12:04:37'),
(794, 3, 23, '2024-12-10', 8, 8, 8, 8, 32, '2024-12-09', '2024-12-10 12:05:01', '2024-12-10 12:05:01'),
(795, 3, 25, '2024-12-10', 8, 8, 8, 8, 32, '2024-12-09', '2024-12-10 12:05:18', '2024-12-10 12:05:18'),
(796, 3, 26, '2024-12-10', 8, 8, 8, 8, 32, '2024-12-09', '2024-12-10 12:05:36', '2024-12-10 12:05:36'),
(797, 3, 27, '2024-12-10', 8, 8, 8, 8, 32, '2024-12-09', '2024-12-10 12:05:57', '2024-12-10 12:05:57'),
(798, 3, 28, '2024-12-10', 8, 8, 8, 8, 32, '2024-12-09', '2024-12-10 12:06:22', '2024-12-10 12:06:22'),
(799, 3, 29, '2024-12-10', 8, 8, 8, 8, 32, '2024-12-09', '2024-12-10 12:06:41', '2024-12-10 12:06:41'),
(800, 3, 9, '2024-12-10', 8, 8, 8, 8, 32, '2024-12-09', '2024-12-10 12:07:18', '2024-12-10 12:07:18'),
(801, 3, 13, '2024-12-10', 8, 8, 8, 8, 32, '2024-12-09', '2024-12-10 12:07:36', '2024-12-10 12:07:36'),
(802, 3, 11, '2024-12-10', 8, 8, 8, 8, 32, '2024-12-09', '2024-12-10 12:07:49', '2024-12-10 12:07:49'),
(803, 3, 10, '2024-12-10', 8, 8, 8, 8, 32, '2024-12-09', '2024-12-10 12:08:09', '2024-12-10 12:08:09'),
(804, 3, 16, '2024-12-10', 8, 8, 8, 8, 32, '2024-12-09', '2024-12-10 12:08:26', '2024-12-10 12:08:26'),
(805, 3, 14, '2024-12-10', 8, 8, 8, 8, 32, '2024-12-09', '2024-12-10 12:08:47', '2024-12-10 12:08:47'),
(806, 3, 12, '2024-12-10', 8, 8, 8, 8, 32, '2024-12-09', '2024-12-10 12:09:07', '2024-12-10 12:09:07'),
(807, 3, 15, '2024-12-10', 8, 8, 8, 8, 32, '2024-12-09', '2024-12-10 12:09:28', '2024-12-10 12:09:28'),
(808, 3, 7, '2024-12-10', 8, 8, 8, 8, 32, '2024-12-09', '2024-12-10 12:09:50', '2024-12-10 12:09:50'),
(809, 3, 4, '2024-12-10', 8, 8, 8, 8, 32, '2024-12-09', '2024-12-10 12:11:03', '2024-12-10 12:11:03'),
(810, 3, 5, '2024-12-10', 8, 8, 8, 8, 32, '2024-12-09', '2024-12-10 12:11:39', '2024-12-10 12:11:39'),
(811, 3, 8, '2024-12-10', 8, 8, 8, 8, 32, '2024-12-09', '2024-12-10 12:12:00', '2024-12-10 12:12:00'),
(812, 3, 3, '2024-12-10', 8, 8, 8, 8, 32, '2024-12-09', '2024-12-10 12:12:27', '2024-12-10 12:12:27'),
(813, 3, 1, '2024-12-10', 8, 8, 5, 8, 29, '2024-12-09', '2024-12-10 12:12:47', '2024-12-10 12:12:47'),
(814, 3, 6, '2024-12-10', 8, 8, 8, 8, 32, '2024-12-09', '2024-12-10 12:13:04', '2024-12-10 12:13:04'),
(815, 3, 2, '2024-12-10', 8, 8, 8, 8, 32, '2024-12-09', '2024-12-10 12:13:18', '2024-12-10 12:13:18'),
(816, 3, 20, '2024-12-10', 8, 8, 8, 8, 32, '2024-12-09', '2024-12-10 12:13:32', '2024-12-10 12:13:32'),
(817, 3, 18, '2024-12-10', 8, 8, 9, 8, 33, '2024-12-09', '2024-12-10 12:14:20', '2024-12-10 12:14:20'),
(818, 3, 17, '2024-12-10', 8, 8, 8, 8, 32, '2024-12-09', '2024-12-10 12:14:37', '2024-12-10 12:14:37'),
(819, 3, 19, '2024-12-10', 8, 8, 8, 8, 32, '2024-12-09', '2024-12-10 12:15:08', '2024-12-10 12:15:08'),
(820, 3, 21, '2024-12-10', 8, 8, 8, 8, 32, '2024-12-09', '2024-12-10 12:15:21', '2024-12-10 12:15:21'),
(821, 6, 11, '2024-12-12', 8, 9, 8, 8, 33, '2024-12-09', '2024-12-12 09:54:25', '2024-12-12 09:54:25'),
(822, 6, 9, '2024-12-12', 8, 8, 8, 8, 32, '2024-12-09', '2024-12-12 09:54:37', '2024-12-12 09:54:37'),
(823, 6, 13, '2024-12-12', 8, 8, 8, 8, 32, '2024-12-09', '2024-12-12 09:54:55', '2024-12-12 09:54:55'),
(824, 6, 10, '2024-12-12', 8, 8, 8, 8, 32, '2024-12-09', '2024-12-12 09:55:16', '2024-12-12 09:55:16'),
(825, 6, 15, '2024-12-12', 8, 8, 8, 8, 32, '2024-12-09', '2024-12-12 09:55:48', '2024-12-12 09:55:48'),
(826, 6, 12, '2024-12-12', 8, 8, 8, 8, 32, '2024-12-09', '2024-12-12 09:56:28', '2024-12-12 09:56:28'),
(827, 6, 14, '2024-12-12', 9, 8, 8, 8, 33, '2024-12-09', '2024-12-12 09:56:58', '2024-12-12 09:56:58'),
(828, 6, 16, '2024-12-12', 9, 8, 8, 9, 34, '2024-12-09', '2024-12-12 09:57:43', '2024-12-12 09:57:43'),
(829, 6, 7, '2024-12-12', 8, 9, 8, 9, 34, '2024-12-09', '2024-12-12 09:58:15', '2024-12-12 09:58:15'),
(830, 6, 4, '2024-12-12', 9, 9, 8, 8, 34, '2024-12-09', '2024-12-12 09:58:39', '2024-12-12 09:58:39'),
(831, 6, 5, '2024-12-12', 8, 8, 8, 8, 32, '2024-12-09', '2024-12-12 10:00:51', '2024-12-12 10:00:51');

-- --------------------------------------------------------

--
-- Struktur dari tabel `penilaian_ruangans`
--

CREATE TABLE `penilaian_ruangans` (
  `id` bigint(20) UNSIGNED NOT NULL,
  `penilai` tinyint(4) NOT NULL,
  `ruangan_id` tinyint(4) NOT NULL,
  `tanggal_penilaian` date NOT NULL,
  `kebersihan` tinyint(4) NOT NULL,
  `keindahan` tinyint(4) NOT NULL,
  `kerapian` tinyint(4) NOT NULL,
  `total_nilai` tinyint(4) NOT NULL,
  `tanggal_awal_mingguan` date NOT NULL,
  `created_at` timestamp NULL DEFAULT NULL,
  `updated_at` timestamp NULL DEFAULT NULL
) ENGINE=InnoDB DEFAULT CHARSET=utf8mb4 COLLATE=utf8mb4_unicode_ci;

--
-- Dumping data untuk tabel `penilaian_ruangans`
--

INSERT INTO `penilaian_ruangans` (`id`, `penilai`, `ruangan_id`, `tanggal_penilaian`, `kebersihan`, `keindahan`, `kerapian`, `total_nilai`, `tanggal_awal_mingguan`, `created_at`, `updated_at`) VALUES
(6, 3, 5, '2024-11-04', 9, 9, 9, 27, '2024-11-04', NULL, NULL),
(7, 3, 4, '2024-11-04', 8, 8, 8, 24, '2024-11-04', NULL, NULL),
(8, 3, 1, '2024-11-04', 8, 8, 8, 24, '2024-11-04', NULL, NULL),
(9, 3, 3, '2024-11-04', 8, 8, 8, 24, '2024-11-04', NULL, NULL),
(10, 3, 2, '2024-11-04', 8, 8, 8, 24, '2024-11-04', NULL, NULL),
(11, 7, 5, '2024-11-04', 10, 9, 9, 28, '2024-11-04', NULL, NULL),
(12, 4, 5, '2024-11-05', 8, 8, 8, 24, '2024-11-04', NULL, NULL),
(13, 4, 4, '2024-11-05', 8, 7, 7, 22, '2024-11-04', NULL, NULL),
(14, 4, 1, '2024-11-05', 8, 8, 8, 24, '2024-11-04', NULL, NULL),
(15, 4, 3, '2024-11-05', 8, 8, 8, 24, '2024-11-04', NULL, NULL),
(16, 4, 2, '2024-11-05', 8, 8, 8, 24, '2024-11-04', NULL, NULL),
(17, 6, 5, '2024-11-06', 8, 8, 8, 24, '2024-11-04', NULL, NULL),
(18, 6, 4, '2024-11-06', 9, 9, 8, 26, '2024-11-04', NULL, NULL),
(19, 6, 1, '2024-11-06', 9, 9, 8, 26, '2024-11-04', NULL, NULL),
(20, 6, 3, '2024-11-06', 9, 9, 9, 27, '2024-11-04', NULL, NULL),
(21, 6, 2, '2024-11-06', 9, 8, 9, 26, '2024-11-04', NULL, NULL),
(22, 5, 5, '2024-11-07', 6, 6, 7, 19, '2024-11-04', NULL, NULL),
(23, 5, 4, '2024-11-07', 7, 7, 7, 21, '2024-11-04', NULL, NULL),
(24, 5, 1, '2024-11-07', 7, 7, 7, 21, '2024-11-04', NULL, NULL),
(25, 5, 3, '2024-11-07', 7, 7, 7, 21, '2024-11-04', NULL, NULL),
(26, 5, 2, '2024-11-07', 7, 9, 8, 24, '2024-11-04', NULL, NULL),
(27, 7, 4, '2024-11-07', 8, 7, 8, 23, '2024-11-04', NULL, NULL),
(28, 7, 1, '2024-11-07', 8, 8, 9, 25, '2024-11-04', NULL, NULL),
(29, 7, 3, '2024-11-07', 8, 8, 10, 26, '2024-11-04', NULL, NULL),
(30, 7, 2, '2024-11-07', 8, 8, 8, 24, '2024-11-04', NULL, NULL),
(31, 6, 4, '2024-11-12', 8, 8, 8, 24, '2024-11-11', NULL, NULL),
(32, 6, 5, '2024-11-12', 8, 7, 7, 22, '2024-11-11', NULL, NULL),
(33, 6, 2, '2024-11-12', 8, 8, 8, 24, '2024-11-11', NULL, NULL),
(34, 6, 1, '2024-11-12', 8, 8, 8, 24, '2024-11-11', NULL, NULL),
(35, 6, 3, '2024-11-12', 8, 9, 8, 25, '2024-11-11', NULL, NULL),
(36, 7, 5, '2024-11-13', 8, 8, 8, 24, '2024-11-11', NULL, NULL),
(37, 7, 4, '2024-11-13', 8, 8, 8, 24, '2024-11-11', NULL, NULL),
(38, 7, 1, '2024-11-13', 8, 8, 9, 25, '2024-11-11', NULL, NULL),
(39, 7, 3, '2024-11-13', 8, 9, 10, 27, '2024-11-11', NULL, NULL),
(40, 7, 2, '2024-11-13', 8, 8, 8, 24, '2024-11-11', NULL, NULL),
(41, 3, 5, '2024-11-15', 8, 8, 8, 24, '2024-11-11', NULL, NULL),
(42, 3, 4, '2024-11-15', 8, 8, 8, 24, '2024-11-11', NULL, NULL),
(43, 3, 1, '2024-11-15', 8, 8, 8, 24, '2024-11-11', NULL, NULL),
(44, 3, 3, '2024-11-15', 8, 8, 8, 24, '2024-11-11', NULL, NULL),
(45, 3, 2, '2024-11-15', 8, 8, 8, 24, '2024-11-11', NULL, NULL),
(46, 4, 5, '2024-11-15', 7, 8, 7, 22, '2024-11-11', NULL, NULL),
(47, 4, 4, '2024-11-15', 7, 8, 8, 23, '2024-11-11', NULL, NULL),
(48, 4, 1, '2024-11-15', 8, 8, 8, 24, '2024-11-11', NULL, NULL),
(49, 4, 3, '2024-11-15', 8, 8, 8, 24, '2024-11-11', NULL, NULL),
(50, 4, 2, '2024-11-15', 8, 8, 8, 24, '2024-11-11', NULL, NULL),
(51, 5, 5, '2024-11-22', 6, 6, 6, 18, '2024-11-18', '2024-11-22 12:15:42', '2024-11-22 12:15:42'),
(52, 5, 4, '2024-11-22', 7, 7, 7, 21, '2024-11-18', '2024-11-22 12:16:06', '2024-11-22 12:16:06'),
(53, 5, 3, '2024-11-22', 6, 7, 7, 20, '2024-11-18', '2024-11-22 12:16:31', '2024-11-22 12:16:31'),
(54, 5, 1, '2024-11-22', 7, 8, 8, 23, '2024-11-18', '2024-11-22 12:16:44', '2024-11-22 12:16:44'),
(55, 5, 2, '2024-11-22', 8, 8, 8, 24, '2024-11-18', '2024-11-22 12:16:53', '2024-11-22 12:16:53'),
(56, 3, 1, '2024-11-22', 8, 7, 7, 22, '2024-11-18', '2024-11-22 12:28:17', '2024-11-22 12:28:17'),
(57, 3, 2, '2024-11-22', 8, 7, 7, 22, '2024-11-18', '2024-11-22 12:28:32', '2024-11-22 12:28:32'),
(58, 3, 3, '2024-11-22', 8, 8, 7, 23, '2024-11-18', '2024-11-22 12:28:47', '2024-11-22 12:28:47'),
(59, 3, 4, '2024-11-22', 8, 7, 7, 22, '2024-11-18', '2024-11-22 12:29:05', '2024-11-22 12:29:05'),
(60, 3, 5, '2024-11-22', 7, 7, 7, 21, '2024-11-18', '2024-11-22 12:29:20', '2024-11-22 12:29:20'),
(62, 7, 1, '2024-11-23', 8, 8, 7, 23, '2024-11-18', '2024-11-23 09:45:57', '2024-11-23 09:45:57'),
(63, 7, 2, '2024-11-23', 8, 8, 8, 24, '2024-11-18', '2024-11-23 09:46:14', '2024-11-23 09:46:14'),
(64, 7, 3, '2024-11-23', 8, 8, 8, 24, '2024-11-18', '2024-11-23 09:46:27', '2024-11-23 09:46:27'),
(65, 7, 4, '2024-11-23', 8, 8, 8, 24, '2024-11-18', '2024-11-23 09:46:39', '2024-11-23 09:46:39'),
(66, 7, 5, '2024-11-23', 8, 8, 7, 23, '2024-11-18', '2024-11-23 09:47:02', '2024-11-23 09:47:02'),
(67, 4, 4, '2024-09-28', 10, 10, 10, 30, '2024-09-23', '2024-11-26 01:28:47', '2024-11-26 01:28:47'),
(69, 5, 1, '2024-11-13', 7, 8, 8, 23, '2024-11-11', '2024-11-26 02:53:09', '2024-11-26 02:53:09'),
(70, 5, 2, '2024-11-13', 7, 8, 7, 22, '2024-11-11', '2024-11-26 02:53:21', '2024-11-26 02:53:21'),
(71, 5, 3, '2024-11-13', 7, 8, 7, 22, '2024-11-11', '2024-11-26 02:53:36', '2024-11-26 02:53:36'),
(72, 5, 4, '2024-11-14', 7, 7, 8, 22, '2024-11-11', '2024-11-26 02:53:49', '2024-11-26 02:53:49'),
(73, 5, 5, '2024-11-13', 6, 6, 6, 18, '2024-11-11', '2024-11-26 02:54:04', '2024-11-26 02:54:04'),
(75, 4, 1, '2024-11-21', 7, 7, 7, 21, '2024-11-18', '2024-11-26 15:21:15', '2024-11-26 15:21:15'),
(76, 4, 2, '2024-11-21', 8, 8, 7, 23, '2024-11-18', '2024-11-26 15:22:12', '2024-11-26 15:22:12'),
(77, 4, 3, '2024-11-21', 8, 7, 7, 22, '2024-11-18', '2024-11-26 15:23:09', '2024-11-26 15:23:09'),
(78, 4, 4, '2024-11-21', 7, 7, 7, 21, '2024-11-18', '2024-11-26 15:24:03', '2024-11-26 15:24:03'),
(79, 4, 5, '2024-11-21', 7, 7, 6, 20, '2024-11-18', '2024-11-26 15:24:45', '2024-11-26 15:24:45'),
(82, 6, 2, '2024-11-20', 8, 8, 8, 24, '2024-11-18', '2024-11-27 00:23:09', '2024-11-27 00:23:09'),
(83, 6, 1, '2024-11-20', 8, 8, 8, 24, '2024-11-18', '2024-11-27 00:24:04', '2024-11-27 00:24:04'),
(84, 6, 3, '2024-11-20', 8, 8, 8, 24, '2024-11-18', '2024-11-27 00:24:27', '2024-11-27 00:24:27'),
(85, 6, 4, '2024-11-20', 9, 8, 8, 25, '2024-11-18', '2024-11-27 00:24:51', '2024-11-27 00:24:51'),
(86, 6, 5, '2024-11-20', 8, 7, 8, 23, '2024-11-18', '2024-11-27 00:25:27', '2024-11-27 00:25:27'),
(87, 4, 4, '2024-11-29', 9, 8, 8, 25, '2024-11-25', '2024-11-29 10:30:25', '2024-11-29 10:30:25'),
(88, 4, 5, '2024-11-29', 7, 7, 7, 21, '2024-11-25', '2024-11-29 10:31:22', '2024-11-29 10:31:22'),
(89, 4, 1, '2024-11-29', 8, 8, 8, 24, '2024-11-25', '2024-11-29 10:53:27', '2024-11-29 10:53:27'),
(90, 4, 2, '2024-11-29', 8, 8, 8, 24, '2024-11-25', '2024-11-29 10:53:51', '2024-11-29 10:53:51'),
(91, 4, 3, '2024-11-29', 8, 8, 8, 24, '2024-11-25', '2024-11-29 10:54:03', '2024-11-29 10:54:03'),
(92, 6, 2, '2024-11-30', 8, 8, 8, 24, '2024-11-25', '2024-11-30 01:46:49', '2024-11-30 01:46:49'),
(93, 6, 1, '2024-11-30', 8, 8, 8, 24, '2024-11-25', '2024-11-30 01:47:05', '2024-11-30 01:47:05'),
(94, 6, 3, '2024-11-30', 8, 8, 8, 24, '2024-11-25', '2024-11-30 01:47:18', '2024-11-30 01:47:18'),
(95, 6, 4, '2024-11-30', 9, 9, 8, 26, '2024-11-25', '2024-11-30 01:47:30', '2024-11-30 01:47:30'),
(96, 6, 5, '2024-11-30', 8, 8, 8, 24, '2024-11-25', '2024-11-30 01:47:40', '2024-11-30 01:47:40'),
(97, 7, 1, '2024-12-01', 8, 8, 8, 24, '2024-11-25', '2024-12-01 04:46:55', '2024-12-01 04:46:55'),
(98, 7, 2, '2024-12-01', 8, 8, 8, 24, '2024-11-25', '2024-12-01 04:47:05', '2024-12-01 04:47:05'),
(99, 7, 3, '2024-12-01', 8, 8, 9, 25, '2024-11-25', '2024-12-01 04:47:16', '2024-12-01 04:47:16'),
(100, 7, 4, '2024-12-01', 8, 8, 8, 24, '2024-11-25', '2024-12-01 04:47:26', '2024-12-01 04:47:26'),
(101, 7, 5, '2024-12-01', 8, 8, 8, 24, '2024-11-25', '2024-12-01 04:47:40', '2024-12-01 04:47:40'),
(103, 6, 2, '2024-12-05', 8, 8, 8, 24, '2024-12-02', '2024-12-05 10:06:28', '2024-12-05 10:06:28'),
(104, 6, 1, '2024-12-05', 8, 8, 8, 24, '2024-12-02', '2024-12-05 10:07:00', '2024-12-05 10:07:00'),
(105, 6, 3, '2024-12-05', 8, 8, 8, 24, '2024-12-02', '2024-12-05 10:07:21', '2024-12-05 10:07:21'),
(106, 6, 4, '2024-12-05', 9, 9, 8, 26, '2024-12-02', '2024-12-05 10:07:43', '2024-12-05 10:07:43'),
(107, 6, 5, '2024-12-05', 7, 7, 8, 22, '2024-12-02', '2024-12-05 10:07:57', '2024-12-05 10:07:57'),
(108, 7, 1, '2024-12-06', 8, 8, 8, 24, '2024-12-02', '2024-12-06 08:51:28', '2024-12-06 08:51:28'),
(109, 7, 2, '2024-12-06', 9, 8, 8, 25, '2024-12-02', '2024-12-06 08:51:39', '2024-12-06 08:51:39'),
(110, 7, 3, '2024-12-06', 9, 8, 8, 25, '2024-12-02', '2024-12-06 08:51:51', '2024-12-06 08:51:51'),
(111, 7, 4, '2024-12-06', 9, 8, 8, 25, '2024-12-02', '2024-12-06 08:52:03', '2024-12-06 08:52:03'),
(112, 7, 5, '2024-12-06', 8, 9, 8, 25, '2024-12-02', '2024-12-06 08:52:15', '2024-12-06 08:52:15'),
(113, 4, 5, '2024-12-06', 9, 7, 7, 23, '2024-12-02', '2024-12-06 13:50:37', '2024-12-06 13:50:37'),
(114, 4, 4, '2024-12-06', 8, 7, 6, 21, '2024-12-02', '2024-12-06 13:56:35', '2024-12-06 13:56:35'),
(115, 4, 3, '2024-12-06', 8, 7, 8, 23, '2024-12-02', '2024-12-06 13:57:46', '2024-12-06 13:57:46'),
(116, 4, 1, '2024-12-06', 8, 6, 7, 21, '2024-12-02', '2024-12-06 14:08:51', '2024-12-06 14:08:51'),
(117, 4, 2, '2024-12-06', 8, 8, 8, 24, '2024-12-02', '2024-12-06 14:09:10', '2024-12-06 14:09:10'),
(118, 7, 5, '2024-12-10', 9, 9, 8, 26, '2024-12-09', '2024-12-10 02:13:13', '2024-12-10 02:13:13'),
(119, 7, 1, '2024-12-10', 9, 8, 8, 25, '2024-12-09', '2024-12-10 02:13:24', '2024-12-10 02:13:24'),
(120, 7, 2, '2024-12-10', 9, 8, 8, 25, '2024-12-09', '2024-12-10 02:13:38', '2024-12-10 02:13:38'),
(121, 7, 3, '2024-12-10', 8, 8, 8, 24, '2024-12-09', '2024-12-10 02:13:54', '2024-12-10 02:13:54'),
(122, 7, 4, '2024-12-10', 9, 8, 8, 25, '2024-12-09', '2024-12-10 02:14:05', '2024-12-10 02:14:05'),
(123, 3, 1, '2024-12-10', 8, 8, 8, 24, '2024-12-09', '2024-12-10 12:15:43', '2024-12-10 12:15:43'),
(124, 3, 2, '2024-12-10', 8, 8, 8, 24, '2024-12-09', '2024-12-10 12:15:58', '2024-12-10 12:15:58'),
(125, 3, 3, '2024-12-10', 8, 8, 8, 24, '2024-12-09', '2024-12-10 12:16:14', '2024-12-10 12:16:14'),
(126, 3, 4, '2024-12-10', 8, 0, 8, 16, '2024-12-09', '2024-12-10 12:16:31', '2024-12-10 12:16:31'),
(127, 3, 5, '2024-12-10', 8, 8, 8, 24, '2024-12-09', '2024-12-10 12:16:45', '2024-12-10 12:16:45');

-- --------------------------------------------------------

--
-- Struktur dari tabel `personal_access_tokens`
--

CREATE TABLE `personal_access_tokens` (
  `id` bigint(20) UNSIGNED NOT NULL,
  `tokenable_type` varchar(255) NOT NULL,
  `tokenable_id` bigint(20) UNSIGNED NOT NULL,
  `name` varchar(255) NOT NULL,
  `token` varchar(64) NOT NULL,
  `abilities` text DEFAULT NULL,
  `last_used_at` timestamp NULL DEFAULT NULL,
  `expires_at` timestamp NULL DEFAULT NULL,
  `created_at` timestamp NULL DEFAULT NULL,
  `updated_at` timestamp NULL DEFAULT NULL
) ENGINE=InnoDB DEFAULT CHARSET=utf8mb4 COLLATE=utf8mb4_unicode_ci;

-- --------------------------------------------------------

--
-- Struktur dari tabel `ruangans`
--

CREATE TABLE `ruangans` (
  `id` bigint(20) UNSIGNED NOT NULL,
  `nama` varchar(100) NOT NULL,
  `created_at` timestamp NULL DEFAULT NULL,
  `updated_at` timestamp NULL DEFAULT NULL
) ENGINE=InnoDB DEFAULT CHARSET=utf8mb4 COLLATE=utf8mb4_unicode_ci;

--
-- Dumping data untuk tabel `ruangans`
--

INSERT INTO `ruangans` (`id`, `nama`, `created_at`, `updated_at`) VALUES
(1, 'Ruang Distribusi', NULL, NULL),
(2, 'Ruang Neraca & Diseminasi', NULL, NULL),
(3, 'Ruang Produksi', NULL, NULL),
(4, 'Ruang Sosial & Pengolahan', NULL, NULL),
(5, 'Ruang TU', NULL, NULL);

-- --------------------------------------------------------

--
-- Struktur dari tabel `users`
--

CREATE TABLE `users` (
  `id` bigint(20) UNSIGNED NOT NULL,
  `nama` varchar(50) NOT NULL,
  `username` varchar(50) NOT NULL,
  `role` varchar(20) NOT NULL,
  `email_verified_at` timestamp NULL DEFAULT NULL,
  `password` varchar(255) NOT NULL,
  `remember_token` varchar(100) DEFAULT NULL,
  `created_at` timestamp NULL DEFAULT NULL,
  `updated_at` timestamp NULL DEFAULT NULL
) ENGINE=InnoDB DEFAULT CHARSET=utf8mb4 COLLATE=utf8mb4_unicode_ci;

--
-- Dumping data untuk tabel `users`
--

INSERT INTO `users` (`id`, `nama`, `username`, `role`, `email_verified_at`, `password`, `remember_token`, `created_at`, `updated_at`) VALUES
(0, 'Mustaqim', 'kepala_bps', 'Penilai', NULL, '$2y$12$K.y23B6Oiqgf9RtCY1bklu6UdF/JACau8wn0zsKdRQ.f2biBJJjDu', NULL, '2024-11-17 19:38:12', '2024-11-17 19:38:12'),
(1, 'Admin', 'admin', 'Admin', NULL, '$2y$10$.l5j1Jt58kq4oSJAjyxAT.4R1dfIdTpIO3d02gzb1vJFDnqgNgyQK', NULL, '2024-11-16 03:55:48', '2024-11-18 20:03:29'),
(2, 'Bibit Setyaningrum', 'bibit', 'Admin', NULL, '$2y$12$59XqQGpspJ64dSS5YEJ85O3W2P.hOfrV16QkDO1Lsvnpn6no0Br9u', NULL, '2024-11-18 19:58:49', '2024-11-18 20:01:36'),
(3, 'Muarif', 'muarif', 'Penilai', NULL, '$2y$12$xkU3Cp76nfdDgrfSTeCkcu7GyQ06Nf4EZOiXQ5E8hWmf.2xY4F6FO', NULL, '2024-11-16 06:33:47', '2024-11-16 23:11:46'),
(4, 'Irvan', 'irvan', 'Penilai', NULL, '$2y$12$5q6Ooq3QwhR4HX4sqAXmsOvBYnjpBxXalHN/Zsz36.x2.kzI4cuwu', NULL, '2024-11-16 06:35:19', '2024-11-16 23:17:50'),
(5, 'Annas', 'annas', 'Penilai', NULL, '$2y$12$S2hMhJipxkA0S0GavKcBaefRPgJ5sCvgPIuE5bhzjPtAQeE4WtLni', NULL, '2024-11-16 06:36:26', '2024-11-16 23:18:36'),
(6, 'Budi', 'budi', 'Penilai', NULL, '$2y$12$x5qr3Z6nS530gsI52I/S/e5ATR/vBhvYmrcYGhn1pwamEguvF.kSa', NULL, '2024-11-16 06:37:28', '2024-11-16 23:18:13'),
(7, 'Teguh', 'teguh', 'Penilai', NULL, '$2y$12$w656oZIC.Gk18MHO3nwWdOppk3HQoEl5bMga1qSCxB2mSidYKPikm', NULL, '2024-11-16 06:38:49', '2024-11-16 23:18:23'),
(13, 'Anto Sudarmanto', 'anto', 'Admin', NULL, '$2y$12$Phx.RHSk8D2oSPj5Va43P.HXZW6CaLOonZhB2ALUGPq/LVP2FGR.q', NULL, '2024-11-18 20:00:38', '2024-11-18 20:01:12'),
(15, 'Satriyo Andro Wastoto', 'andro', 'Admin', NULL, '$2y$12$cX0YzNPHDwo0QfsYLTQiueZFu/5G32cIp4pvUsvqdPFh1wZQq8OHy', NULL, '2024-12-05 07:03:35', '2024-12-05 07:03:35');

--
-- Indexes for dumped tables
--

--
-- Indeks untuk tabel `failed_jobs`
--
ALTER TABLE `failed_jobs`
  ADD PRIMARY KEY (`id`),
  ADD UNIQUE KEY `failed_jobs_uuid_unique` (`uuid`);

--
-- Indeks untuk tabel `migrations`
--
ALTER TABLE `migrations`
  ADD PRIMARY KEY (`id`);

--
-- Indeks untuk tabel `password_reset_tokens`
--
ALTER TABLE `password_reset_tokens`
  ADD PRIMARY KEY (`email`);

--
-- Indeks untuk tabel `pegawais`
--
ALTER TABLE `pegawais`
  ADD PRIMARY KEY (`id`);

--
-- Indeks untuk tabel `penilaians`
--
ALTER TABLE `penilaians`
  ADD PRIMARY KEY (`id`);

--
-- Indeks untuk tabel `penilaian_ruangans`
--
ALTER TABLE `penilaian_ruangans`
  ADD PRIMARY KEY (`id`);

--
-- Indeks untuk tabel `personal_access_tokens`
--
ALTER TABLE `personal_access_tokens`
  ADD PRIMARY KEY (`id`),
  ADD UNIQUE KEY `personal_access_tokens_token_unique` (`token`),
  ADD KEY `personal_access_tokens_tokenable_type_tokenable_id_index` (`tokenable_type`,`tokenable_id`);

--
-- Indeks untuk tabel `ruangans`
--
ALTER TABLE `ruangans`
  ADD PRIMARY KEY (`id`);

--
-- Indeks untuk tabel `users`
--
ALTER TABLE `users`
  ADD PRIMARY KEY (`id`),
  ADD UNIQUE KEY `users_email_unique` (`username`);

--
-- AUTO_INCREMENT untuk tabel yang dibuang
--

--
-- AUTO_INCREMENT untuk tabel `failed_jobs`
--
ALTER TABLE `failed_jobs`
  MODIFY `id` bigint(20) UNSIGNED NOT NULL AUTO_INCREMENT;

--
-- AUTO_INCREMENT untuk tabel `migrations`
--
ALTER TABLE `migrations`
  MODIFY `id` int(10) UNSIGNED NOT NULL AUTO_INCREMENT, AUTO_INCREMENT=15;

--
-- AUTO_INCREMENT untuk tabel `pegawais`
--
ALTER TABLE `pegawais`
  MODIFY `id` bigint(20) UNSIGNED NOT NULL AUTO_INCREMENT, AUTO_INCREMENT=37;

--
-- AUTO_INCREMENT untuk tabel `penilaians`
--
ALTER TABLE `penilaians`
  MODIFY `id` bigint(20) UNSIGNED NOT NULL AUTO_INCREMENT, AUTO_INCREMENT=832;

--
-- AUTO_INCREMENT untuk tabel `penilaian_ruangans`
--
ALTER TABLE `penilaian_ruangans`
  MODIFY `id` bigint(20) UNSIGNED NOT NULL AUTO_INCREMENT, AUTO_INCREMENT=128;

--
-- AUTO_INCREMENT untuk tabel `personal_access_tokens`
--
ALTER TABLE `personal_access_tokens`
  MODIFY `id` bigint(20) UNSIGNED NOT NULL AUTO_INCREMENT;

--
-- AUTO_INCREMENT untuk tabel `ruangans`
--
ALTER TABLE `ruangans`
  MODIFY `id` bigint(20) UNSIGNED NOT NULL AUTO_INCREMENT, AUTO_INCREMENT=7;

--
-- AUTO_INCREMENT untuk tabel `users`
--
ALTER TABLE `users`
  MODIFY `id` bigint(20) UNSIGNED NOT NULL AUTO_INCREMENT, AUTO_INCREMENT=16;
COMMIT;

/*!40101 SET CHARACTER_SET_CLIENT=@OLD_CHARACTER_SET_CLIENT */;
/*!40101 SET CHARACTER_SET_RESULTS=@OLD_CHARACTER_SET_RESULTS */;
/*!40101 SET COLLATION_CONNECTION=@OLD_COLLATION_CONNECTION */;
