-- phpMyAdmin SQL Dump
-- version 5.2.0
-- https://www.phpmyadmin.net/
--
-- Host: localhost:3306
-- Generation Time: Dec 05, 2024 at 08:50 AM
-- Server version: 8.0.30
-- PHP Version: 8.1.10

SET SQL_MODE = "NO_AUTO_VALUE_ON_ZERO";
START TRANSACTION;
SET time_zone = "+00:00";


/*!40101 SET @OLD_CHARACTER_SET_CLIENT=@@CHARACTER_SET_CLIENT */;
/*!40101 SET @OLD_CHARACTER_SET_RESULTS=@@CHARACTER_SET_RESULTS */;
/*!40101 SET @OLD_COLLATION_CONNECTION=@@COLLATION_CONNECTION */;
/*!40101 SET NAMES utf8mb4 */;

--
-- Database: `karib`
--

-- --------------------------------------------------------

--
-- Table structure for table `failed_jobs`
--

CREATE TABLE `failed_jobs` (
  `id` bigint UNSIGNED NOT NULL,
  `uuid` varchar(255) COLLATE utf8mb4_unicode_ci NOT NULL,
  `connection` text COLLATE utf8mb4_unicode_ci NOT NULL,
  `queue` text COLLATE utf8mb4_unicode_ci NOT NULL,
  `payload` longtext COLLATE utf8mb4_unicode_ci NOT NULL,
  `exception` longtext COLLATE utf8mb4_unicode_ci NOT NULL,
  `failed_at` timestamp NOT NULL DEFAULT CURRENT_TIMESTAMP
) ENGINE=InnoDB DEFAULT CHARSET=utf8mb4 COLLATE=utf8mb4_unicode_ci;

-- --------------------------------------------------------

--
-- Table structure for table `migrations`
--

CREATE TABLE `migrations` (
  `id` int UNSIGNED NOT NULL,
  `migration` varchar(255) COLLATE utf8mb4_unicode_ci NOT NULL,
  `batch` int NOT NULL
) ENGINE=InnoDB DEFAULT CHARSET=utf8mb4 COLLATE=utf8mb4_unicode_ci;

--
-- Dumping data for table `migrations`
--

INSERT INTO `migrations` (`id`, `migration`, `batch`) VALUES
(1, '2014_10_12_000000_create_users_table', 1),
(2, '2014_10_12_100000_create_password_reset_tokens_table', 1),
(3, '2019_08_19_000000_create_failed_jobs_table', 1),
(4, '2019_12_14_000001_create_personal_access_tokens_table', 1),
(5, '2024_11_16_113623_tambah_tabel_penialaian', 2),
(6, '2024_11_16_115254_tambah_tabel_pegawais', 2),
(7, '2024_11_17_031225_ganti_kolom_email_jadi_usernae', 3),
(8, '2024_11_17_032643_ganti_kolom_lagi', 4),
(9, '2024_11_17_032939_ganti_kolom_lagi_2', 5),
(11, '2024_11_17_082257_tambah_tabel_ruangan', 6),
(12, '2024_11_17_082120_tambah_tabel_penilaian_ruangan', 7),
(13, '2024_11_17_132756_rename_kolom', 8),
(14, '2024_11_17_144452_delete_column', 9);

-- --------------------------------------------------------

--
-- Table structure for table `password_reset_tokens`
--

CREATE TABLE `password_reset_tokens` (
  `email` varchar(255) COLLATE utf8mb4_unicode_ci NOT NULL,
  `token` varchar(255) COLLATE utf8mb4_unicode_ci NOT NULL,
  `created_at` timestamp NULL DEFAULT NULL
) ENGINE=InnoDB DEFAULT CHARSET=utf8mb4 COLLATE=utf8mb4_unicode_ci;

-- --------------------------------------------------------

--
-- Table structure for table `pegawais`
--

CREATE TABLE `pegawais` (
  `id` bigint UNSIGNED NOT NULL,
  `nama` varchar(50) COLLATE utf8mb4_unicode_ci NOT NULL,
  `ruangan` varchar(30) COLLATE utf8mb4_unicode_ci NOT NULL,
  `created_at` timestamp NULL DEFAULT NULL,
  `updated_at` timestamp NULL DEFAULT NULL
) ENGINE=InnoDB DEFAULT CHARSET=utf8mb4 COLLATE=utf8mb4_unicode_ci;

--
-- Dumping data for table `pegawais`
--

INSERT INTO `pegawais` (`id`, `nama`, `ruangan`, `created_at`, `updated_at`) VALUES
(1, 'Devita Indah Wulandari', '1', NULL, NULL),
(2, 'Edi Trisnanto', '1', NULL, NULL),
(3, 'Gigih Agus Susiyanto', '1', NULL, NULL),
(4, 'Kuspriyadi', '1', NULL, NULL),
(5, 'Naning Tri Suhesti', '1', NULL, NULL),
(6, 'Sahid Hendy Widodo', '1', NULL, NULL),
(7, 'Satriyo Andro Wastoto', '1', NULL, NULL),
(8, 'Sudarmanto', '1', NULL, NULL),
(9, 'Agung Bintoro Aji', '2', NULL, NULL),
(10, 'Alif Juni Paresadi', '2', NULL, NULL),
(11, 'Anggit Mustika Rani', '2', NULL, NULL),
(12, 'Budi Setyo Wibowo', '2', NULL, NULL),
(13, 'Galih Setyo Utomo', '2', NULL, NULL),
(14, 'Lisvia Ayu Widyastuti', '2', NULL, NULL),
(15, 'Nur Khabibah', '2', NULL, NULL),
(16, 'Rizki Arifin', '2', NULL, NULL),
(17, 'Agus Raharjo', '3', NULL, NULL),
(18, 'Astri Hardini', '3', NULL, NULL),
(19, 'Mujib Darmawan', '3', NULL, NULL),
(20, 'Ratna Layrani Prayoga', '3', NULL, NULL),
(21, 'Suyatno', '3', NULL, NULL),
(22, 'Arif Priyono', '4', NULL, NULL),
(23, 'Bibit Setyaningrum', '4', NULL, NULL),
(24, 'Fahmi Saputra', '4', NULL, NULL),
(25, 'Novi Hardianto', '4', NULL, NULL),
(26, 'Nurharis Mustofa', '4', NULL, NULL),
(27, 'Viliyan Indaka Ardhi', '4', NULL, NULL),
(28, 'Wulandari', '4', NULL, NULL),
(29, 'Yanner Novarian Prihantoro', '4', NULL, NULL),
(30, 'Agus Priyono', '5', NULL, NULL),
(31, 'Fara Ika Nastiti', '5', NULL, NULL),
(32, 'Fitria Ekawati', '5', NULL, NULL),
(33, 'Manungku Rohmad Alhalim', '5', NULL, NULL),
(34, 'Maria Ulfa', '5', NULL, NULL),
(35, 'Tuti Lestari', '5', NULL, NULL);

-- --------------------------------------------------------

--
-- Table structure for table `penilaians`
--

CREATE TABLE `penilaians` (
  `id` bigint UNSIGNED NOT NULL,
  `penilai` tinyint NOT NULL,
  `pegawai_id` tinyint NOT NULL,
  `tanggal_penilaian` date NOT NULL DEFAULT '2024-11-16',
  `kebersihan` tinyint NOT NULL,
  `keindahan` tinyint NOT NULL,
  `kerapian` tinyint NOT NULL,
  `penampilan` tinyint NOT NULL,
  `total_nilai` tinyint NOT NULL,
  `tanggal_awal_mingguan` date NOT NULL,
  `created_at` timestamp NULL DEFAULT NULL,
  `updated_at` timestamp NULL DEFAULT NULL
) ENGINE=InnoDB DEFAULT CHARSET=utf8mb4 COLLATE=utf8mb4_unicode_ci;

--
-- Dumping data for table `penilaians`
--

INSERT INTO `penilaians` (`id`, `penilai`, `pegawai_id`, `tanggal_penilaian`, `kebersihan`, `keindahan`, `kerapian`, `penampilan`, `total_nilai`, `tanggal_awal_mingguan`, `created_at`, `updated_at`) VALUES
(10, 4, 22, '2024-11-05', 9, 8, 8, 8, 33, '2024-11-04', NULL, NULL),
(11, 4, 23, '2024-11-05', 9, 8, 9, 8, 34, '2024-11-04', NULL, NULL),
(12, 4, 24, '2024-11-05', 9, 8, 8, 8, 33, '2024-11-04', NULL, NULL),
(13, 4, 25, '2024-11-05', 9, 8, 8, 8, 33, '2024-11-04', NULL, NULL),
(14, 4, 26, '2024-11-05', 9, 8, 8, 8, 33, '2024-11-04', NULL, NULL),
(15, 4, 27, '2024-11-05', 9, 8, 8, 8, 33, '2024-11-04', NULL, NULL),
(16, 4, 28, '2024-11-05', 9, 8, 8, 8, 33, '2024-11-04', NULL, NULL),
(17, 4, 29, '2024-11-05', 9, 8, 8, 8, 33, '2024-11-04', NULL, NULL),
(18, 4, 30, '2024-11-05', 8, 9, 8, 8, 33, '2024-11-04', NULL, NULL),
(19, 4, 31, '2024-11-05', 8, 7, 7, 8, 30, '2024-11-04', NULL, NULL),
(20, 4, 32, '2024-11-05', 8, 8, 8, 8, 32, '2024-11-04', NULL, NULL),
(21, 4, 33, '2024-11-05', 7, 8, 8, 8, 31, '2024-11-04', NULL, NULL),
(22, 4, 34, '2024-11-05', 8, 8, 8, 8, 32, '2024-11-04', NULL, NULL),
(23, 4, 35, '2024-11-05', 8, 8, 8, 8, 32, '2024-11-04', NULL, NULL),
(24, 4, 9, '2024-11-05', 8, 8, 8, 8, 32, '2024-11-04', NULL, NULL),
(25, 4, 17, '2024-11-05', 8, 8, 8, 8, 32, '2024-11-04', NULL, NULL),
(26, 4, 10, '2024-11-05', 8, 8, 8, 8, 32, '2024-11-04', NULL, NULL),
(27, 4, 11, '2024-11-05', 8, 8, 8, 8, 32, '2024-11-04', NULL, NULL),
(28, 4, 18, '2024-11-05', 8, 8, 8, 8, 32, '2024-11-04', NULL, NULL),
(29, 4, 12, '2024-11-05', 8, 8, 8, 8, 32, '2024-11-04', NULL, NULL),
(30, 4, 1, '2024-11-05', 8, 8, 8, 8, 32, '2024-11-04', NULL, NULL),
(31, 4, 2, '2024-11-05', 9, 8, 8, 8, 33, '2024-11-04', NULL, NULL),
(32, 4, 13, '2024-11-05', 8, 8, 8, 8, 32, '2024-11-04', NULL, NULL),
(33, 4, 3, '2024-11-05', 8, 8, 8, 8, 32, '2024-11-04', NULL, NULL),
(34, 4, 4, '2024-11-05', 8, 8, 8, 8, 32, '2024-11-04', NULL, NULL),
(35, 4, 14, '2024-11-05', 8, 8, 8, 8, 32, '2024-11-04', NULL, NULL),
(36, 4, 19, '2024-11-05', 8, 8, 7, 8, 31, '2024-11-04', NULL, NULL),
(37, 4, 5, '2024-11-05', 8, 8, 8, 8, 32, '2024-11-04', NULL, NULL),
(38, 4, 15, '2024-11-05', 8, 8, 8, 8, 32, '2024-11-04', NULL, NULL),
(39, 4, 20, '2024-11-05', 8, 8, 8, 8, 32, '2024-11-04', NULL, NULL),
(40, 4, 16, '2024-11-05', 8, 8, 8, 8, 32, '2024-11-04', NULL, NULL),
(41, 3, 9, '2024-11-04', 9, 9, 8, 9, 35, '2024-11-04', NULL, NULL),
(42, 3, 30, '2024-11-04', 8, 9, 8, 8, 33, '2024-11-04', NULL, NULL),
(43, 3, 17, '2024-11-04', 9, 9, 9, 9, 36, '2024-11-04', NULL, NULL),
(44, 3, 10, '2024-11-04', 8, 8, 8, 8, 32, '2024-11-04', NULL, NULL),
(45, 3, 11, '2024-11-04', 8, 9, 9, 9, 35, '2024-11-04', NULL, NULL),
(46, 3, 22, '2024-11-04', 8, 8, 8, 9, 33, '2024-11-04', NULL, NULL),
(47, 3, 18, '2024-11-04', 8, 8, 8, 9, 33, '2024-11-04', NULL, NULL),
(48, 3, 23, '2024-11-04', 8, 9, 8, 9, 34, '2024-11-04', NULL, NULL),
(49, 3, 12, '2024-11-04', 8, 9, 8, 8, 33, '2024-11-04', NULL, NULL),
(50, 3, 1, '2024-11-04', 8, 8, 8, 9, 33, '2024-11-04', NULL, NULL),
(51, 3, 2, '2024-11-04', 8, 8, 8, 8, 32, '2024-11-04', NULL, NULL),
(52, 3, 24, '2024-11-04', 8, 8, 8, 9, 33, '2024-11-04', NULL, NULL),
(53, 3, 31, '2024-11-04', 8, 8, 8, 9, 33, '2024-11-04', NULL, NULL),
(54, 3, 32, '2024-11-04', 8, 8, 8, 9, 33, '2024-11-04', NULL, NULL),
(55, 3, 13, '2024-11-04', 8, 8, 8, 9, 33, '2024-11-04', NULL, NULL),
(56, 3, 3, '2024-11-04', 8, 8, 8, 8, 32, '2024-11-04', NULL, NULL),
(57, 3, 4, '2024-11-04', 8, 8, 8, 8, 32, '2024-11-04', NULL, NULL),
(58, 3, 14, '2024-11-04', 8, 8, 8, 9, 33, '2024-11-04', NULL, NULL),
(59, 3, 33, '2024-11-04', 8, 8, 8, 8, 32, '2024-11-04', NULL, NULL),
(60, 3, 34, '2024-11-04', 8, 8, 8, 9, 33, '2024-11-04', NULL, NULL),
(61, 3, 19, '2024-11-04', 8, 8, 8, 8, 32, '2024-11-04', NULL, NULL),
(62, 3, 5, '2024-11-04', 8, 8, 8, 9, 33, '2024-11-04', NULL, NULL),
(63, 3, 25, '2024-11-04', 8, 8, 8, 8, 32, '2024-11-04', NULL, NULL),
(64, 3, 15, '2024-11-04', 8, 8, 8, 9, 33, '2024-11-04', NULL, NULL),
(65, 3, 26, '2024-11-04', 8, 8, 8, 8, 32, '2024-11-04', NULL, NULL),
(66, 3, 20, '2024-11-04', 8, 8, 8, 9, 33, '2024-11-04', NULL, NULL),
(67, 3, 16, '2024-11-04', 8, 8, 8, 9, 33, '2024-11-04', NULL, NULL),
(68, 3, 6, '2024-11-04', 8, 8, 8, 8, 32, '2024-11-04', NULL, NULL),
(69, 3, 7, '2024-11-04', 8, 8, 8, 9, 33, '2024-11-04', NULL, NULL),
(70, 3, 8, '2024-11-04', 8, 8, 8, 9, 33, '2024-11-04', NULL, NULL),
(71, 3, 21, '2024-11-04', 8, 8, 8, 9, 33, '2024-11-04', NULL, NULL),
(72, 3, 35, '2024-11-04', 8, 8, 8, 9, 33, '2024-11-04', NULL, NULL),
(73, 3, 27, '2024-11-04', 8, 8, 8, 9, 33, '2024-11-04', NULL, NULL),
(74, 3, 28, '2024-11-04', 8, 8, 8, 9, 33, '2024-11-04', NULL, NULL),
(75, 3, 29, '2024-11-04', 8, 8, 8, 9, 33, '2024-11-04', NULL, NULL),
(76, 7, 9, '2024-11-04', 8, 8, 9, 10, 35, '2024-11-04', NULL, NULL),
(77, 6, 9, '2024-11-06', 9, 9, 9, 10, 37, '2024-11-04', NULL, NULL),
(78, 6, 30, '2024-11-06', 9, 9, 9, 9, 36, '2024-11-04', NULL, NULL),
(79, 6, 17, '2024-11-06', 9, 9, 9, 10, 37, '2024-11-04', NULL, NULL),
(80, 6, 10, '2024-11-06', 9, 9, 9, 10, 37, '2024-11-04', NULL, NULL),
(81, 6, 11, '2024-11-06', 9, 9, 9, 10, 37, '2024-11-04', NULL, NULL),
(82, 6, 22, '2024-11-06', 9, 9, 9, 10, 37, '2024-11-04', NULL, NULL),
(83, 6, 18, '2024-11-06', 9, 9, 9, 9, 36, '2024-11-04', NULL, NULL),
(84, 6, 23, '2024-11-06', 9, 10, 9, 10, 38, '2024-11-04', NULL, NULL),
(85, 6, 12, '2024-11-06', 9, 9, 9, 9, 36, '2024-11-04', NULL, NULL),
(86, 6, 1, '2024-11-06', 9, 9, 9, 10, 37, '2024-11-04', NULL, NULL),
(87, 6, 2, '2024-11-06', 9, 9, 9, 9, 36, '2024-11-04', NULL, NULL),
(88, 6, 24, '2024-11-06', 9, 9, 9, 9, 36, '2024-11-04', NULL, NULL),
(89, 6, 31, '2024-11-06', 9, 8, 9, 10, 36, '2024-11-04', NULL, NULL),
(90, 6, 32, '2024-11-06', 9, 9, 9, 9, 36, '2024-11-04', NULL, NULL),
(91, 6, 13, '2024-11-06', 9, 9, 9, 9, 36, '2024-11-04', NULL, NULL),
(92, 6, 3, '2024-11-06', 9, 9, 9, 9, 36, '2024-11-04', NULL, NULL),
(93, 6, 4, '2024-11-06', 9, 9, 9, 9, 36, '2024-11-04', NULL, NULL),
(94, 6, 14, '2024-11-06', 9, 9, 9, 9, 36, '2024-11-04', NULL, NULL),
(95, 6, 33, '2024-11-06', 9, 9, 9, 9, 36, '2024-11-04', NULL, NULL),
(96, 6, 34, '2024-11-06', 9, 9, 9, 9, 36, '2024-11-04', NULL, NULL),
(97, 6, 19, '2024-11-06', 8, 9, 9, 9, 35, '2024-11-04', NULL, NULL),
(98, 6, 5, '2024-11-06', 9, 9, 9, 9, 36, '2024-11-04', NULL, NULL),
(99, 6, 25, '2024-11-06', 9, 9, 9, 9, 36, '2024-11-04', NULL, NULL),
(100, 6, 15, '2024-11-06', 9, 9, 9, 8, 35, '2024-11-04', NULL, NULL),
(101, 6, 26, '2024-11-06', 9, 10, 10, 9, 38, '2024-11-04', NULL, NULL),
(102, 6, 20, '2024-11-06', 9, 9, 9, 10, 37, '2024-11-04', NULL, NULL),
(103, 6, 16, '2024-11-06', 9, 9, 9, 10, 37, '2024-11-04', NULL, NULL),
(104, 6, 6, '2024-11-06', 9, 9, 9, 9, 36, '2024-11-04', NULL, NULL),
(105, 6, 7, '2024-11-06', 9, 9, 9, 10, 37, '2024-11-04', NULL, NULL),
(106, 6, 8, '2024-11-06', 9, 9, 9, 9, 36, '2024-11-04', NULL, NULL),
(107, 6, 21, '2024-11-06', 9, 9, 9, 9, 36, '2024-11-04', NULL, NULL),
(108, 6, 35, '2024-11-06', 9, 9, 9, 9, 36, '2024-11-04', NULL, NULL),
(109, 6, 27, '2024-11-06', 9, 9, 9, 10, 37, '2024-11-04', NULL, NULL),
(110, 6, 28, '2024-11-06', 9, 9, 9, 10, 37, '2024-11-04', NULL, NULL),
(111, 6, 29, '2024-11-06', 8, 9, 9, 8, 34, '2024-11-04', NULL, NULL),
(112, 5, 9, '2024-11-07', 8, 7, 8, 7, 30, '2024-11-04', NULL, NULL),
(113, 5, 30, '2024-11-07', 7, 7, 8, 8, 30, '2024-11-04', NULL, NULL),
(114, 5, 10, '2024-11-07', 7, 7, 7, 9, 30, '2024-11-04', NULL, NULL),
(115, 5, 11, '2024-11-07', 8, 8, 8, 8, 32, '2024-11-04', NULL, NULL),
(116, 5, 22, '2024-11-07', 8, 8, 8, 8, 32, '2024-11-04', NULL, NULL),
(117, 5, 18, '2024-11-07', 8, 8, 7, 8, 31, '2024-11-04', NULL, NULL),
(118, 5, 23, '2024-11-07', 7, 7, 7, 7, 28, '2024-11-04', NULL, NULL),
(119, 5, 12, '2024-11-07', 7, 7, 7, 7, 28, '2024-11-04', NULL, NULL),
(120, 5, 1, '2024-11-07', 7, 7, 7, 8, 29, '2024-11-04', NULL, NULL),
(121, 5, 2, '2024-11-07', 7, 7, 7, 8, 29, '2024-11-04', NULL, NULL),
(122, 5, 24, '2024-11-07', 7, 7, 7, 7, 28, '2024-11-04', NULL, NULL),
(123, 5, 31, '2024-11-07', 6, 6, 6, 7, 25, '2024-11-04', NULL, NULL),
(124, 5, 32, '2024-11-07', 6, 6, 6, 7, 25, '2024-11-04', NULL, NULL),
(125, 5, 13, '2024-11-07', 8, 8, 8, 8, 32, '2024-11-04', NULL, NULL),
(126, 5, 3, '2024-11-07', 6, 6, 6, 6, 24, '2024-11-04', NULL, NULL),
(127, 5, 4, '2024-11-07', 7, 7, 8, 8, 30, '2024-11-04', NULL, NULL),
(128, 5, 14, '2024-11-07', 8, 8, 7, 8, 31, '2024-11-04', NULL, NULL),
(129, 5, 33, '2024-11-07', 7, 7, 6, 7, 27, '2024-11-04', NULL, NULL),
(130, 5, 5, '2024-11-07', 7, 8, 7, 8, 30, '2024-11-04', NULL, NULL),
(131, 5, 34, '2024-11-07', 6, 6, 6, 6, 24, '2024-11-04', NULL, NULL),
(132, 5, 19, '2024-11-07', 7, 6, 6, 8, 27, '2024-11-04', NULL, NULL),
(133, 5, 25, '2024-11-07', 7, 7, 7, 7, 28, '2024-11-04', NULL, NULL),
(134, 5, 15, '2024-11-07', 7, 7, 8, 7, 29, '2024-11-04', NULL, NULL),
(135, 7, 30, '2024-11-07', 9, 8, 8, 10, 35, '2024-11-04', NULL, NULL),
(136, 7, 17, '2024-11-07', 10, 9, 9, 10, 38, '2024-11-04', NULL, NULL),
(137, 7, 10, '2024-11-07', 9, 8, 8, 10, 35, '2024-11-04', NULL, NULL),
(138, 5, 20, '2024-11-07', 7, 7, 7, 7, 28, '2024-11-04', NULL, NULL),
(139, 5, 16, '2024-11-07', 7, 8, 8, 8, 31, '2024-11-04', NULL, NULL),
(140, 5, 6, '2024-11-07', 7, 7, 7, 7, 28, '2024-11-04', NULL, NULL),
(141, 5, 7, '2024-11-07', 7, 7, 7, 8, 29, '2024-11-04', NULL, NULL),
(142, 5, 8, '2024-11-07', 7, 7, 7, 8, 29, '2024-11-04', NULL, NULL),
(143, 5, 21, '2024-11-07', 7, 7, 7, 7, 28, '2024-11-04', NULL, NULL),
(144, 5, 35, '2024-11-07', 6, 7, 6, 7, 26, '2024-11-04', NULL, NULL),
(145, 5, 27, '2024-11-07', 7, 8, 7, 8, 30, '2024-11-04', NULL, NULL),
(146, 5, 28, '2024-11-07', 7, 7, 8, 8, 30, '2024-11-04', NULL, NULL),
(147, 5, 29, '2024-11-07', 7, 8, 7, 8, 30, '2024-11-04', NULL, NULL),
(148, 7, 11, '2024-11-07', 8, 8, 8, 8, 32, '2024-11-04', NULL, NULL),
(149, 7, 22, '2024-11-07', 8, 8, 8, 8, 32, '2024-11-04', NULL, NULL),
(150, 7, 18, '2024-11-07', 9, 8, 8, 8, 33, '2024-11-04', NULL, NULL),
(151, 7, 23, '2024-11-07', 8, 8, 8, 9, 33, '2024-11-04', NULL, NULL),
(152, 7, 12, '2024-11-07', 8, 8, 8, 8, 32, '2024-11-04', NULL, NULL),
(153, 7, 1, '2024-11-07', 8, 9, 8, 9, 34, '2024-11-04', NULL, NULL),
(154, 7, 2, '2024-11-07', 8, 8, 8, 8, 32, '2024-11-04', NULL, NULL),
(155, 7, 24, '2024-11-07', 8, 8, 8, 8, 32, '2024-11-04', NULL, NULL),
(156, 7, 31, '2024-11-07', 8, 8, 8, 9, 33, '2024-11-04', NULL, NULL),
(157, 7, 32, '2024-11-07', 8, 8, 8, 9, 33, '2024-11-04', NULL, NULL),
(158, 7, 13, '2024-11-07', 8, 8, 8, 8, 32, '2024-11-04', NULL, NULL),
(159, 7, 3, '2024-11-07', 8, 8, 8, 8, 32, '2024-11-04', NULL, NULL),
(160, 7, 4, '2024-11-07', 8, 8, 8, 8, 32, '2024-11-04', NULL, NULL),
(161, 7, 14, '2024-11-07', 8, 8, 8, 8, 32, '2024-11-04', NULL, NULL),
(162, 7, 33, '2024-11-07', 8, 8, 8, 8, 32, '2024-11-04', NULL, NULL),
(163, 7, 34, '2024-11-07', 8, 8, 8, 8, 32, '2024-11-04', NULL, NULL),
(164, 7, 19, '2024-11-07', 8, 8, 8, 8, 32, '2024-11-04', NULL, NULL),
(165, 7, 5, '2024-11-07', 8, 8, 8, 8, 32, '2024-11-04', NULL, NULL),
(166, 7, 25, '2024-11-07', 8, 8, 8, 8, 32, '2024-11-04', NULL, NULL),
(167, 7, 15, '2024-11-07', 8, 8, 8, 8, 32, '2024-11-04', NULL, NULL),
(168, 7, 26, '2024-11-07', 8, 9, 8, 8, 33, '2024-11-04', NULL, NULL),
(169, 7, 20, '2024-11-07', 8, 9, 8, 8, 33, '2024-11-04', NULL, NULL),
(170, 7, 16, '2024-11-07', 8, 8, 8, 10, 34, '2024-11-04', NULL, NULL),
(171, 7, 6, '2024-11-07', 8, 8, 8, 8, 32, '2024-11-04', NULL, NULL),
(172, 7, 7, '2024-11-07', 8, 8, 9, 8, 33, '2024-11-04', NULL, NULL),
(173, 7, 8, '2024-11-07', 8, 8, 8, 9, 33, '2024-11-04', NULL, NULL),
(174, 7, 21, '2024-11-07', 9, 9, 8, 8, 34, '2024-11-04', NULL, NULL),
(175, 7, 35, '2024-11-07', 8, 8, 8, 9, 33, '2024-11-04', NULL, NULL),
(176, 7, 27, '2024-11-07', 8, 8, 8, 9, 33, '2024-11-04', NULL, NULL),
(177, 7, 28, '2024-11-07', 8, 8, 8, 9, 33, '2024-11-04', NULL, NULL),
(178, 7, 29, '2024-11-07', 8, 8, 8, 8, 32, '2024-11-04', NULL, NULL),
(179, 4, 6, '2024-11-05', 8, 8, 8, 8, 32, '2024-11-04', NULL, NULL),
(180, 4, 8, '2024-11-05', 8, 8, 8, 7, 31, '2024-11-04', NULL, NULL),
(181, 4, 7, '2024-11-05', 8, 8, 8, 8, 32, '2024-11-04', NULL, NULL),
(182, 4, 21, '2024-11-05', 8, 8, 8, 8, 32, '2024-11-04', NULL, NULL),
(183, 6, 9, '2024-11-12', 8, 8, 8, 9, 33, '2024-11-11', NULL, NULL),
(184, 6, 11, '2024-11-12', 8, 9, 8, 9, 34, '2024-11-11', NULL, NULL),
(185, 6, 13, '2024-11-12', 8, 8, 8, 8, 32, '2024-11-11', NULL, NULL),
(186, 6, 10, '2024-11-12', 8, 8, 8, 8, 32, '2024-11-11', NULL, NULL),
(187, 6, 16, '2024-11-12', 8, 8, 8, 10, 34, '2024-11-11', NULL, NULL),
(188, 6, 14, '2024-11-12', 8, 8, 8, 9, 33, '2024-11-11', NULL, NULL),
(189, 6, 12, '2024-11-12', 8, 8, 8, 7, 31, '2024-11-11', NULL, NULL),
(190, 6, 15, '2024-11-12', 8, 8, 8, 7, 31, '2024-11-11', NULL, NULL),
(191, 6, 7, '2024-11-12', 8, 8, 8, 9, 33, '2024-11-11', NULL, NULL),
(192, 6, 4, '2024-11-12', 8, 8, 8, 7, 31, '2024-11-11', NULL, NULL),
(193, 6, 5, '2024-11-12', 8, 8, 8, 8, 32, '2024-11-11', NULL, NULL),
(194, 6, 8, '2024-11-12', 8, 8, 8, 8, 32, '2024-11-11', NULL, NULL),
(195, 6, 3, '2024-11-12', 8, 8, 8, 8, 32, '2024-11-11', NULL, NULL),
(196, 6, 1, '2024-11-12', 8, 8, 8, 9, 33, '2024-11-11', NULL, NULL),
(197, 6, 6, '2024-11-12', 8, 8, 8, 8, 32, '2024-11-11', NULL, NULL),
(198, 6, 2, '2024-11-12', 8, 8, 8, 7, 31, '2024-11-11', NULL, NULL),
(199, 6, 20, '2024-11-12', 8, 8, 8, 8, 32, '2024-11-11', NULL, NULL),
(200, 6, 18, '2024-11-12', 8, 8, 7, 7, 30, '2024-11-11', NULL, NULL),
(201, 6, 17, '2024-11-12', 8, 8, 8, 10, 34, '2024-11-11', NULL, NULL),
(202, 6, 19, '2024-11-12', 8, 9, 8, 8, 33, '2024-11-11', NULL, NULL),
(203, 6, 30, '2024-11-12', 8, 8, 9, 8, 33, '2024-11-11', NULL, NULL),
(204, 6, 31, '2024-11-12', 8, 8, 7, 8, 31, '2024-11-11', NULL, NULL),
(205, 6, 33, '2024-11-12', 8, 8, 8, 8, 32, '2024-11-11', NULL, NULL),
(206, 6, 34, '2024-11-12', 8, 7, 8, 8, 31, '2024-11-11', NULL, NULL),
(207, 6, 35, '2024-11-12', 8, 8, 8, 8, 32, '2024-11-11', NULL, NULL),
(208, 6, 32, '2024-11-12', 8, 8, 8, 7, 31, '2024-11-11', NULL, NULL),
(209, 6, 22, '2024-11-12', 8, 8, 8, 8, 32, '2024-11-11', NULL, NULL),
(210, 6, 25, '2024-11-12', 8, 8, 8, 8, 32, '2024-11-11', NULL, NULL),
(211, 6, 27, '2024-11-12', 8, 8, 8, 10, 34, '2024-11-11', NULL, NULL),
(212, 6, 28, '2024-11-12', 8, 8, 8, 8, 32, '2024-11-11', NULL, NULL),
(213, 6, 23, '2024-11-12', 8, 8, 8, 7, 31, '2024-11-11', NULL, NULL),
(214, 6, 24, '2024-11-12', 8, 8, 8, 8, 32, '2024-11-11', NULL, NULL),
(215, 6, 29, '2024-11-12', 8, 8, 8, 8, 32, '2024-11-11', NULL, NULL),
(216, 7, 9, '2024-11-13', 8, 8, 8, 9, 33, '2024-11-11', NULL, NULL),
(217, 7, 30, '2024-11-13', 8, 9, 10, 9, 36, '2024-11-11', NULL, NULL),
(218, 7, 17, '2024-11-13', 8, 8, 8, 9, 33, '2024-11-11', NULL, NULL),
(219, 7, 10, '2024-11-13', 8, 8, 8, 8, 32, '2024-11-11', NULL, NULL),
(220, 7, 11, '2024-11-13', 8, 8, 8, 8, 32, '2024-11-11', NULL, NULL),
(221, 7, 22, '2024-11-13', 8, 8, 8, 10, 34, '2024-11-11', NULL, NULL),
(222, 7, 18, '2024-11-13', 8, 9, 8, 8, 33, '2024-11-11', NULL, NULL),
(223, 7, 23, '2024-11-13', 10, 8, 8, 8, 34, '2024-11-11', NULL, NULL),
(224, 7, 12, '2024-11-13', 8, 8, 8, 8, 32, '2024-11-11', NULL, NULL),
(225, 7, 1, '2024-11-13', 8, 8, 8, 8, 32, '2024-11-11', NULL, NULL),
(226, 7, 2, '2024-11-13', 9, 8, 8, 8, 33, '2024-11-11', NULL, NULL),
(227, 7, 24, '2024-11-13', 8, 8, 8, 8, 32, '2024-11-11', NULL, NULL),
(228, 7, 31, '2024-11-13', 8, 8, 8, 10, 34, '2024-11-11', NULL, NULL),
(229, 7, 32, '2024-11-13', 8, 8, 8, 9, 33, '2024-11-11', NULL, NULL),
(230, 7, 13, '2024-11-13', 8, 8, 8, 8, 32, '2024-11-11', NULL, NULL),
(231, 7, 3, '2024-11-13', 8, 8, 8, 8, 32, '2024-11-11', NULL, NULL),
(232, 7, 4, '2024-11-13', 8, 8, 8, 8, 32, '2024-11-11', NULL, NULL),
(233, 7, 14, '2024-11-13', 8, 8, 8, 10, 34, '2024-11-11', NULL, NULL),
(234, 7, 33, '2024-11-13', 9, 8, 8, 8, 33, '2024-11-11', NULL, NULL),
(235, 7, 34, '2024-11-13', 8, 8, 8, 8, 32, '2024-11-11', NULL, NULL),
(236, 7, 19, '2024-11-13', 8, 8, 9, 9, 34, '2024-11-11', NULL, NULL),
(237, 7, 5, '2024-11-13', 8, 10, 8, 9, 35, '2024-11-11', NULL, NULL),
(238, 7, 25, '2024-11-13', 8, 8, 8, 8, 32, '2024-11-11', NULL, NULL),
(239, 7, 15, '2024-11-13', 8, 8, 8, 8, 32, '2024-11-11', NULL, NULL),
(240, 7, 26, '2024-11-13', 10, 8, 8, 8, 34, '2024-11-11', NULL, NULL),
(241, 7, 20, '2024-11-13', 10, 8, 8, 10, 36, '2024-11-11', NULL, NULL),
(242, 7, 16, '2024-11-13', 8, 8, 8, 10, 34, '2024-11-11', NULL, NULL),
(243, 7, 6, '2024-11-13', 8, 8, 8, 8, 32, '2024-11-11', NULL, NULL),
(244, 7, 7, '2024-11-13', 9, 8, 8, 8, 33, '2024-11-11', NULL, NULL),
(245, 7, 8, '2024-11-13', 8, 8, 8, 9, 33, '2024-11-11', NULL, NULL),
(246, 7, 21, '2024-11-13', 10, 8, 9, 8, 35, '2024-11-11', NULL, NULL),
(247, 7, 35, '2024-11-13', 8, 8, 8, 9, 33, '2024-11-11', NULL, NULL),
(248, 7, 27, '2024-11-13', 8, 8, 8, 10, 34, '2024-11-11', NULL, NULL),
(249, 7, 28, '2024-11-13', 8, 8, 8, 9, 33, '2024-11-11', NULL, NULL),
(250, 7, 29, '2024-11-13', 8, 8, 8, 8, 32, '2024-11-11', NULL, NULL),
(251, 4, 30, '2024-11-15', 8, 7, 8, 8, 31, '2024-11-11', NULL, NULL),
(252, 4, 32, '2024-11-15', 8, 8, 7, 8, 31, '2024-11-11', NULL, NULL),
(253, 4, 35, '2024-11-15', 8, 8, 7, 8, 31, '2024-11-11', NULL, NULL),
(254, 4, 34, '2024-11-15', 7, 7, 7, 8, 29, '2024-11-11', NULL, NULL),
(255, 4, 33, '2024-11-15', 7, 7, 7, 8, 29, '2024-11-11', NULL, NULL),
(256, 4, 31, '2024-11-15', 6, 7, 7, 8, 28, '2024-11-11', NULL, NULL),
(257, 4, 22, '2024-11-15', 9, 8, 8, 8, 33, '2024-11-11', NULL, NULL),
(258, 4, 25, '2024-11-15', 9, 8, 8, 8, 33, '2024-11-11', NULL, NULL),
(259, 4, 26, '2024-11-15', 9, 8, 8, 8, 33, '2024-11-11', NULL, NULL),
(260, 4, 27, '2024-11-15', 9, 8, 8, 8, 33, '2024-11-11', NULL, NULL),
(261, 4, 28, '2024-11-15', 9, 8, 8, 8, 33, '2024-11-11', NULL, NULL),
(262, 4, 23, '2024-11-15', 9, 8, 8, 8, 33, '2024-11-11', NULL, NULL),
(263, 4, 24, '2024-11-15', 9, 8, 8, 8, 33, '2024-11-11', NULL, NULL),
(264, 4, 29, '2024-11-15', 9, 8, 8, 8, 33, '2024-11-11', NULL, NULL),
(265, 4, 19, '2024-11-15', 8, 8, 8, 8, 32, '2024-11-11', NULL, NULL),
(266, 4, 17, '2024-11-15', 8, 8, 9, 8, 33, '2024-11-11', NULL, NULL),
(267, 4, 18, '2024-11-15', 8, 8, 8, 8, 32, '2024-11-11', NULL, NULL),
(268, 4, 20, '2024-11-15', 8, 8, 9, 8, 33, '2024-11-11', NULL, NULL),
(269, 3, 30, '2024-11-15', 8, 8, 8, 8, 32, '2024-11-11', NULL, NULL),
(270, 3, 31, '2024-11-15', 8, 8, 8, 9, 33, '2024-11-11', NULL, NULL),
(271, 3, 32, '2024-11-15', 8, 8, 8, 9, 33, '2024-11-11', NULL, NULL),
(272, 3, 34, '2024-11-15', 8, 8, 8, 9, 33, '2024-11-11', NULL, NULL),
(273, 3, 35, '2024-11-15', 8, 8, 8, 9, 33, '2024-11-11', NULL, NULL),
(274, 3, 33, '2024-11-15', 8, 8, 8, 9, 33, '2024-11-11', NULL, NULL),
(275, 3, 23, '2024-11-15', 8, 8, 8, 9, 33, '2024-11-11', NULL, NULL),
(276, 3, 22, '2024-11-15', 8, 8, 9, 9, 34, '2024-11-11', NULL, NULL),
(277, 3, 24, '2024-11-15', 8, 8, 8, 8, 32, '2024-11-11', NULL, NULL),
(278, 3, 25, '2024-11-15', 8, 8, 8, 9, 33, '2024-11-11', NULL, NULL),
(279, 3, 27, '2024-11-15', 8, 8, 9, 9, 34, '2024-11-11', NULL, NULL),
(280, 3, 29, '2024-11-15', 8, 8, 8, 8, 32, '2024-11-11', NULL, NULL),
(281, 3, 28, '2024-11-15', 8, 9, 8, 9, 34, '2024-11-11', NULL, NULL),
(282, 3, 10, '2024-11-15', 8, 8, 8, 8, 32, '2024-11-11', NULL, NULL),
(283, 3, 13, '2024-11-15', 8, 8, 8, 9, 33, '2024-11-11', NULL, NULL),
(284, 3, 9, '2024-11-15', 8, 9, 8, 9, 34, '2024-11-11', NULL, NULL),
(285, 3, 11, '2024-11-15', 8, 9, 8, 9, 34, '2024-11-11', NULL, NULL),
(286, 3, 15, '2024-11-15', 8, 8, 8, 9, 33, '2024-11-11', NULL, NULL),
(287, 3, 12, '2024-11-15', 8, 9, 8, 8, 33, '2024-11-11', NULL, NULL),
(288, 3, 14, '2024-11-15', 8, 9, 8, 9, 34, '2024-11-11', NULL, NULL),
(289, 3, 16, '2024-11-15', 8, 9, 8, 9, 34, '2024-11-11', NULL, NULL),
(290, 3, 8, '2024-11-15', 9, 9, 9, 9, 36, '2024-11-11', NULL, NULL),
(291, 3, 5, '2024-11-15', 8, 9, 8, 9, 34, '2024-11-11', NULL, NULL),
(292, 3, 4, '2024-11-15', 8, 8, 8, 8, 32, '2024-11-11', NULL, NULL),
(293, 3, 7, '2024-11-15', 8, 9, 8, 9, 34, '2024-11-11', NULL, NULL),
(294, 3, 2, '2024-11-15', 8, 8, 8, 8, 32, '2024-11-11', NULL, NULL),
(295, 3, 6, '2024-11-15', 8, 8, 8, 8, 32, '2024-11-11', NULL, NULL),
(296, 3, 1, '2024-11-15', 8, 8, 8, 9, 33, '2024-11-11', NULL, NULL),
(297, 3, 3, '2024-11-15', 8, 8, 8, 9, 33, '2024-11-11', NULL, NULL),
(298, 3, 20, '2024-11-15', 8, 9, 8, 9, 34, '2024-11-11', NULL, NULL),
(299, 3, 18, '2024-11-15', 8, 9, 8, 9, 34, '2024-11-11', NULL, NULL),
(300, 3, 17, '2024-11-15', 8, 9, 8, 9, 34, '2024-11-11', NULL, NULL),
(301, 3, 19, '2024-11-15', 8, 8, 8, 8, 32, '2024-11-11', NULL, NULL),
(302, 3, 21, '2024-11-15', 8, 8, 8, 9, 33, '2024-11-11', NULL, NULL),
(303, 4, 2, '2024-11-15', 9, 8, 8, 8, 33, '2024-11-11', NULL, NULL),
(304, 4, 6, '2024-11-15', 8, 8, 8, 8, 32, '2024-11-11', NULL, NULL),
(305, 4, 1, '2024-11-15', 8, 8, 8, 8, 32, '2024-11-11', NULL, NULL),
(306, 4, 3, '2024-11-15', 8, 8, 8, 8, 32, '2024-11-11', NULL, NULL),
(307, 4, 8, '2024-11-15', 8, 8, 8, 7, 31, '2024-11-11', NULL, NULL),
(308, 4, 5, '2024-11-15', 8, 8, 8, 8, 32, '2024-11-11', NULL, NULL),
(309, 4, 4, '2024-11-15', 8, 8, 8, 8, 32, '2024-11-11', NULL, NULL),
(310, 4, 7, '2024-11-15', 8, 9, 8, 8, 33, '2024-11-11', NULL, NULL),
(311, 4, 15, '2024-11-15', 8, 8, 8, 8, 32, '2024-11-11', NULL, NULL),
(312, 4, 12, '2024-11-15', 8, 8, 8, 8, 32, '2024-11-11', NULL, NULL),
(313, 4, 16, '2024-11-15', 8, 8, 8, 8, 32, '2024-11-11', NULL, NULL),
(314, 4, 14, '2024-11-15', 8, 8, 8, 8, 32, '2024-11-11', NULL, NULL),
(315, 4, 10, '2024-11-15', 8, 8, 8, 8, 32, '2024-11-11', NULL, NULL),
(316, 4, 13, '2024-11-15', 9, 8, 8, 8, 33, '2024-11-11', NULL, NULL),
(317, 4, 9, '2024-11-15', 8, 8, 8, 8, 32, '2024-11-11', NULL, NULL),
(318, 4, 11, '2024-11-15', 8, 8, 7, 8, 31, '2024-11-11', NULL, NULL),
(323, 5, 9, '2024-11-22', 8, 8, 8, 8, 32, '2024-11-18', '2024-11-22 12:04:42', '2024-11-22 12:04:42'),
(324, 5, 30, '2024-11-22', 7, 7, 7, 5, 26, '2024-11-18', '2024-11-22 12:05:08', '2024-11-22 12:05:08'),
(325, 5, 17, '2024-11-22', 7, 7, 9, 7, 30, '2024-11-18', '2024-11-22 12:05:33', '2024-11-22 12:05:33'),
(326, 5, 10, '2024-11-22', 8, 7, 8, 8, 31, '2024-11-18', '2024-11-22 12:06:02', '2024-11-22 12:06:02'),
(327, 5, 11, '2024-11-22', 8, 8, 8, 8, 32, '2024-11-18', '2024-11-22 12:06:21', '2024-11-22 12:06:21'),
(328, 5, 22, '2024-11-22', 8, 7, 8, 8, 31, '2024-11-18', '2024-11-22 12:06:35', '2024-11-22 12:06:35'),
(329, 5, 18, '2024-11-22', 7, 7, 8, 8, 30, '2024-11-18', '2024-11-22 12:06:49', '2024-11-22 12:06:49'),
(330, 5, 23, '2024-11-22', 8, 8, 7, 8, 31, '2024-11-18', '2024-11-22 12:07:04', '2024-11-22 12:07:04'),
(331, 5, 12, '2024-11-22', 8, 8, 8, 7, 31, '2024-11-18', '2024-11-22 12:07:19', '2024-11-22 12:07:19'),
(332, 5, 1, '2024-11-22', 7, 7, 7, 8, 29, '2024-11-18', '2024-11-22 12:07:46', '2024-11-22 12:07:46'),
(333, 5, 2, '2024-11-22', 8, 7, 9, 8, 32, '2024-11-18', '2024-11-22 12:08:09', '2024-11-22 12:08:09'),
(334, 5, 24, '2024-11-22', 8, 7, 7, 7, 29, '2024-11-18', '2024-11-22 12:08:25', '2024-11-22 12:08:25'),
(335, 5, 31, '2024-11-22', 6, 6, 7, 6, 25, '2024-11-18', '2024-11-22 12:08:52', '2024-11-22 12:08:52'),
(336, 5, 34, '2024-11-22', 6, 6, 6, 6, 24, '2024-11-18', '2024-11-22 12:09:07', '2024-11-22 12:09:07'),
(337, 5, 32, '2024-11-22', 6, 6, 6, 6, 24, '2024-11-18', '2024-11-22 12:09:31', '2024-11-22 12:09:31'),
(338, 5, 33, '2024-11-22', 6, 6, 6, 6, 24, '2024-11-18', '2024-11-22 12:09:57', '2024-11-22 12:09:57'),
(339, 5, 13, '2024-11-22', 7, 8, 8, 8, 31, '2024-11-18', '2024-11-22 12:10:22', '2024-11-22 12:10:22'),
(340, 5, 7, '2024-11-22', 8, 9, 9, 8, 34, '2024-11-18', '2024-11-22 12:10:43', '2024-11-22 12:10:43'),
(341, 5, 14, '2024-11-22', 8, 8, 8, 8, 32, '2024-11-18', '2024-11-22 12:10:58', '2024-11-22 12:10:58'),
(342, 5, 3, '2024-11-22', 7, 7, 7, 7, 28, '2024-11-18', '2024-11-22 12:11:14', '2024-11-22 12:11:14'),
(343, 5, 4, '2024-11-22', 7, 7, 7, 7, 28, '2024-11-18', '2024-11-22 12:11:29', '2024-11-22 12:11:29'),
(344, 5, 19, '2024-11-22', 6, 6, 7, 7, 26, '2024-11-18', '2024-11-22 12:11:45', '2024-11-22 12:11:45'),
(345, 5, 5, '2024-11-22', 8, 7, 8, 8, 31, '2024-11-18', '2024-11-22 12:12:06', '2024-11-22 12:12:06'),
(346, 5, 25, '2024-11-22', 7, 7, 7, 7, 28, '2024-11-18', '2024-11-22 12:12:17', '2024-11-22 12:12:17'),
(347, 5, 15, '2024-11-22', 8, 8, 7, 7, 30, '2024-11-18', '2024-11-22 12:12:46', '2024-11-22 12:12:46'),
(348, 5, 26, '2024-11-22', 7, 7, 7, 8, 29, '2024-11-18', '2024-11-22 12:13:00', '2024-11-22 12:13:00'),
(349, 5, 20, '2024-11-22', 7, 7, 8, 7, 29, '2024-11-18', '2024-11-22 12:13:20', '2024-11-22 12:13:20'),
(350, 5, 16, '2024-11-22', 8, 8, 8, 8, 32, '2024-11-18', '2024-11-22 12:13:34', '2024-11-22 12:13:34'),
(351, 5, 6, '2024-11-22', 7, 7, 7, 6, 27, '2024-11-18', '2024-11-22 12:13:47', '2024-11-22 12:13:47'),
(352, 5, 21, '2024-11-22', 7, 7, 7, 7, 28, '2024-11-18', '2024-11-22 12:14:01', '2024-11-22 12:14:01'),
(353, 5, 8, '2024-11-22', 8, 8, 8, 8, 32, '2024-11-18', '2024-11-22 12:14:14', '2024-11-22 12:14:14'),
(354, 5, 35, '2024-11-22', 6, 6, 6, 6, 24, '2024-11-18', '2024-11-22 12:14:26', '2024-11-22 12:14:26'),
(355, 5, 27, '2024-11-22', 8, 8, 7, 8, 31, '2024-11-18', '2024-11-22 12:14:41', '2024-11-22 12:14:41'),
(356, 5, 28, '2024-11-22', 7, 7, 7, 8, 29, '2024-11-18', '2024-11-22 12:14:55', '2024-11-22 12:14:55'),
(357, 3, 11, '2024-11-22', 8, 8, 8, 9, 33, '2024-11-18', '2024-11-22 12:15:07', '2024-11-22 12:15:07'),
(358, 5, 29, '2024-11-22', 7, 7, 7, 8, 29, '2024-11-18', '2024-11-22 12:15:21', '2024-11-22 12:15:21'),
(359, 3, 9, '2024-11-22', 8, 8, 8, 9, 33, '2024-11-18', '2024-11-22 12:15:49', '2024-11-22 12:15:49'),
(360, 3, 13, '2024-11-22', 8, 8, 8, 8, 32, '2024-11-18', '2024-11-22 12:16:19', '2024-11-22 12:16:19'),
(361, 3, 10, '2024-11-22', 8, 8, 8, 8, 32, '2024-11-18', '2024-11-22 12:16:53', '2024-11-22 12:16:53'),
(362, 3, 16, '2024-11-22', 8, 8, 8, 9, 33, '2024-11-18', '2024-11-22 12:17:21', '2024-11-22 12:17:21'),
(363, 3, 14, '2024-11-22', 8, 8, 8, 9, 33, '2024-11-18', '2024-11-22 12:17:47', '2024-11-22 12:17:47'),
(364, 3, 12, '2024-11-22', 8, 8, 8, 8, 32, '2024-11-18', '2024-11-22 12:18:08', '2024-11-22 12:18:08'),
(365, 3, 15, '2024-11-22', 8, 8, 8, 8, 32, '2024-11-18', '2024-11-22 12:18:28', '2024-11-22 12:18:28'),
(366, 3, 7, '2024-11-22', 8, 8, 8, 8, 32, '2024-11-18', '2024-11-22 12:18:59', '2024-11-22 12:18:59'),
(367, 3, 4, '2024-11-22', 7, 8, 8, 7, 30, '2024-11-18', '2024-11-22 12:19:25', '2024-11-22 12:19:25'),
(368, 3, 5, '2024-11-22', 8, 8, 8, 9, 33, '2024-11-18', '2024-11-22 12:19:50', '2024-11-22 12:19:50'),
(369, 3, 8, '2024-11-22', 8, 8, 8, 8, 32, '2024-11-18', '2024-11-22 12:20:11', '2024-11-22 12:20:11'),
(370, 3, 3, '2024-11-22', 8, 8, 8, 8, 32, '2024-11-18', '2024-11-22 12:20:34', '2024-11-22 12:20:46'),
(371, 3, 1, '2024-11-22', 8, 8, 8, 8, 32, '2024-11-18', '2024-11-22 12:21:03', '2024-11-22 12:21:03'),
(372, 3, 6, '2024-11-22', 8, 8, 8, 8, 32, '2024-11-18', '2024-11-22 12:21:49', '2024-11-22 12:21:49'),
(373, 3, 2, '2024-11-22', 8, 1, 8, 0, 17, '2024-11-18', '2024-11-22 12:22:04', '2024-11-22 12:22:04'),
(374, 3, 20, '2024-11-22', 8, 8, 8, 8, 32, '2024-11-18', '2024-11-22 12:22:24', '2024-11-22 12:22:24'),
(375, 3, 18, '2024-11-22', 8, 8, 8, 8, 32, '2024-11-18', '2024-11-22 12:22:49', '2024-11-22 12:22:49'),
(376, 3, 17, '2024-11-22', 8, 8, 8, 9, 33, '2024-11-18', '2024-11-22 12:23:08', '2024-11-22 12:23:08'),
(377, 3, 19, '2024-11-22', 8, 8, 8, 8, 32, '2024-11-18', '2024-11-22 12:23:27', '2024-11-22 12:23:27'),
(378, 3, 21, '2024-11-22', 8, 8, 8, 8, 32, '2024-11-18', '2024-11-22 12:23:45', '2024-11-22 12:23:45'),
(379, 3, 29, '2024-11-22', 8, 8, 8, 8, 32, '2024-11-18', '2024-11-22 12:24:16', '2024-11-22 12:24:16'),
(380, 3, 24, '2024-11-22', 8, 8, 8, 8, 32, '2024-11-18', '2024-11-22 12:24:33', '2024-11-22 12:24:33'),
(381, 3, 23, '2024-11-22', 8, 8, 8, 8, 32, '2024-11-18', '2024-11-22 12:24:53', '2024-11-22 12:24:53'),
(382, 3, 28, '2024-11-22', 8, 8, 8, 8, 32, '2024-11-18', '2024-11-22 12:25:14', '2024-11-22 12:25:14'),
(383, 3, 27, '2024-11-22', 8, 8, 8, 8, 32, '2024-11-18', '2024-11-22 12:25:36', '2024-11-22 12:25:36'),
(384, 3, 26, '2024-11-22', 8, 8, 8, 8, 32, '2024-11-18', '2024-11-22 12:25:49', '2024-11-22 12:25:49'),
(385, 3, 25, '2024-11-22', 8, 8, 8, 8, 32, '2024-11-18', '2024-11-22 12:26:02', '2024-11-22 12:26:02'),
(386, 3, 22, '2024-11-22', 8, 8, 8, 8, 32, '2024-11-18', '2024-11-22 12:26:16', '2024-11-22 12:26:16'),
(387, 3, 30, '2024-11-22', 8, 8, 7, 8, 31, '2024-11-18', '2024-11-22 12:26:30', '2024-11-22 12:26:30'),
(388, 3, 31, '2024-11-22', 8, 8, 8, 8, 32, '2024-11-18', '2024-11-22 12:26:43', '2024-11-22 12:26:43'),
(389, 3, 33, '2024-11-22', 8, 8, 8, 8, 32, '2024-11-18', '2024-11-22 12:26:58', '2024-11-22 12:26:58'),
(390, 3, 34, '2024-11-22', 8, 8, 8, 8, 32, '2024-11-18', '2024-11-22 12:27:15', '2024-11-22 12:27:15'),
(391, 3, 32, '2024-11-22', 8, 8, 8, 8, 32, '2024-11-18', '2024-11-22 12:27:27', '2024-11-22 12:27:27'),
(392, 3, 35, '2024-11-22', 8, 8, 8, 8, 32, '2024-11-18', '2024-11-22 12:27:41', '2024-11-22 12:27:41'),
(393, 4, 30, '2024-11-22', 8, 6, 7, 8, 29, '2024-11-18', '2024-11-22 14:04:25', '2024-11-22 14:04:25'),
(394, 4, 32, '2024-11-22', 6, 7, 6, 8, 27, '2024-11-18', '2024-11-22 14:05:22', '2024-11-22 14:05:22'),
(395, 4, 35, '2024-11-22', 8, 8, 8, 8, 32, '2024-11-18', '2024-11-22 14:06:17', '2024-11-22 14:06:17'),
(396, 4, 34, '2024-11-22', 8, 6, 6, 8, 28, '2024-11-18', '2024-11-22 14:07:08', '2024-11-22 14:07:08'),
(397, 4, 33, '2024-11-22', 8, 6, 7, 8, 29, '2024-11-18', '2024-11-22 14:08:01', '2024-11-22 14:08:01'),
(398, 4, 31, '2024-11-22', 7, 6, 6, 8, 27, '2024-11-18', '2024-11-22 14:08:34', '2024-11-22 14:08:34'),
(399, 4, 29, '2024-11-22', 8, 6, 7, 8, 29, '2024-11-18', '2024-11-22 14:11:38', '2024-11-22 14:11:38'),
(400, 4, 24, '2024-11-22', 7, 7, 6, 8, 28, '2024-11-18', '2024-11-22 14:12:08', '2024-11-22 14:12:08'),
(401, 4, 23, '2024-11-22', 7, 7, 8, 8, 30, '2024-11-18', '2024-11-22 14:12:48', '2024-11-22 14:12:48'),
(402, 4, 28, '2024-11-22', 8, 7, 8, 8, 31, '2024-11-18', '2024-11-22 14:13:22', '2024-11-22 14:13:22'),
(403, 4, 27, '2024-11-22', 8, 7, 8, 8, 31, '2024-11-18', '2024-11-22 14:14:15', '2024-11-22 14:14:15'),
(404, 4, 26, '2024-11-22', 8, 7, 8, 8, 31, '2024-11-18', '2024-11-22 14:14:51', '2024-11-22 14:14:51'),
(405, 4, 25, '2024-11-22', 8, 7, 7, 7, 29, '2024-11-18', '2024-11-22 14:15:45', '2024-11-22 14:15:45'),
(406, 4, 22, '2024-11-22', 8, 8, 8, 7, 31, '2024-11-18', '2024-11-22 14:16:22', '2024-11-22 14:16:22'),
(407, 4, 2, '2024-11-22', 9, 7, 9, 7, 32, '2024-11-18', '2024-11-22 14:19:09', '2024-11-22 14:19:09'),
(408, 4, 6, '2024-11-22', 6, 7, 7, 8, 28, '2024-11-18', '2024-11-22 14:20:07', '2024-11-22 14:20:07'),
(409, 4, 1, '2024-11-22', 8, 7, 7, 8, 30, '2024-11-18', '2024-11-22 14:21:11', '2024-11-22 14:21:11'),
(410, 4, 3, '2024-11-22', 8, 7, 7, 8, 30, '2024-11-18', '2024-11-22 14:22:04', '2024-11-22 14:22:04'),
(411, 4, 8, '2024-11-22', 8, 7, 9, 7, 31, '2024-11-18', '2024-11-22 14:22:56', '2024-11-22 14:22:56'),
(412, 4, 5, '2024-11-22', 8, 8, 8, 8, 32, '2024-11-18', '2024-11-22 14:23:41', '2024-11-22 14:23:41'),
(413, 4, 4, '2024-11-22', 8, 7, 6, 8, 29, '2024-11-18', '2024-11-22 14:24:30', '2024-11-22 14:24:30'),
(414, 4, 7, '2024-11-22', 8, 9, 7, 8, 32, '2024-11-18', '2024-11-22 14:25:06', '2024-11-22 14:25:06'),
(415, 4, 15, '2024-11-22', 8, 8, 7, 8, 31, '2024-11-18', '2024-11-22 14:25:46', '2024-11-22 14:25:46'),
(416, 4, 12, '2024-11-22', 8, 6, 6, 8, 28, '2024-11-18', '2024-11-22 14:26:20', '2024-11-22 14:26:20'),
(417, 4, 14, '2024-11-22', 8, 7, 7, 8, 30, '2024-11-18', '2024-11-22 14:27:04', '2024-11-22 14:27:04'),
(418, 4, 16, '2024-11-22', 8, 7, 8, 8, 31, '2024-11-18', '2024-11-22 14:27:31', '2024-11-22 14:27:31'),
(419, 4, 11, '2024-11-22', 8, 7, 7, 8, 30, '2024-11-18', '2024-11-22 14:28:26', '2024-11-22 14:28:26'),
(420, 4, 9, '2024-11-22', 8, 7, 7, 8, 30, '2024-11-18', '2024-11-22 14:29:04', '2024-11-22 14:29:04'),
(421, 4, 13, '2024-11-22', 8, 7, 7, 8, 30, '2024-11-18', '2024-11-22 14:29:26', '2024-11-22 14:29:26'),
(422, 4, 10, '2024-11-22', 8, 6, 6, 8, 28, '2024-11-18', '2024-11-22 14:29:56', '2024-11-22 14:29:56'),
(423, 4, 20, '2024-11-22', 8, 7, 8, 8, 31, '2024-11-18', '2024-11-22 14:30:37', '2024-11-22 14:30:37'),
(424, 4, 18, '2024-11-22', 8, 7, 7, 8, 30, '2024-11-18', '2024-11-22 14:31:05', '2024-11-22 14:31:05'),
(425, 4, 17, '2024-11-22', 6, 7, 7, 8, 28, '2024-11-18', '2024-11-22 14:31:51', '2024-11-22 14:31:51'),
(426, 4, 19, '2024-11-22', 6, 7, 6, 8, 27, '2024-11-18', '2024-11-22 14:32:24', '2024-11-22 14:32:24'),
(427, 4, 21, '2024-11-22', 8, 7, 7, 8, 30, '2024-11-18', '2024-11-22 14:32:53', '2024-11-22 14:32:53'),
(428, 7, 9, '2024-11-23', 8, 8, 8, 9, 33, '2024-11-18', '2024-11-23 09:47:31', '2024-11-23 09:47:31'),
(429, 7, 30, '2024-11-23', 9, 8, 8, 8, 33, '2024-11-18', '2024-11-23 09:47:52', '2024-11-23 09:47:52'),
(430, 7, 17, '2024-11-23', 8, 8, 8, 8, 32, '2024-11-18', '2024-11-23 09:48:12', '2024-11-23 09:48:12'),
(431, 7, 10, '2024-11-23', 8, 8, 8, 9, 33, '2024-11-18', '2024-11-23 09:48:27', '2024-11-23 09:48:27'),
(432, 7, 11, '2024-11-23', 8, 8, 8, 7, 31, '2024-11-18', '2024-11-23 09:48:41', '2024-11-23 09:48:41'),
(433, 7, 22, '2024-11-23', 8, 8, 8, 9, 33, '2024-11-18', '2024-11-23 09:48:57', '2024-11-23 09:48:57'),
(434, 7, 18, '2024-11-23', 8, 8, 8, 8, 32, '2024-11-18', '2024-11-23 09:49:08', '2024-11-23 09:49:08'),
(435, 7, 23, '2024-11-23', 9, 8, 8, 8, 33, '2024-11-18', '2024-11-23 09:49:28', '2024-11-23 09:49:28'),
(436, 7, 12, '2024-11-23', 8, 8, 8, 7, 31, '2024-11-18', '2024-11-23 09:49:43', '2024-11-23 09:49:43'),
(437, 7, 1, '2024-11-23', 8, 8, 8, 9, 33, '2024-11-18', '2024-11-23 09:49:54', '2024-11-23 09:49:54'),
(438, 7, 2, '2024-11-23', 8, 8, 8, 7, 31, '2024-11-18', '2024-11-23 09:50:05', '2024-11-23 09:50:05'),
(439, 7, 24, '2024-11-23', 8, 8, 8, 8, 32, '2024-11-18', '2024-11-23 09:50:16', '2024-11-23 09:50:16'),
(440, 7, 31, '2024-11-23', 8, 8, 8, 10, 34, '2024-11-18', '2024-11-23 09:50:33', '2024-11-23 09:50:33'),
(441, 7, 32, '2024-11-23', 8, 8, 8, 9, 33, '2024-11-18', '2024-11-23 09:50:48', '2024-11-23 09:50:48'),
(442, 7, 13, '2024-11-23', 8, 8, 8, 8, 32, '2024-11-18', '2024-11-23 09:51:01', '2024-11-23 09:51:01'),
(443, 7, 3, '2024-11-23', 8, 8, 8, 8, 32, '2024-11-18', '2024-11-23 09:51:13', '2024-11-23 09:51:13'),
(444, 7, 4, '2024-11-23', 8, 8, 8, 7, 31, '2024-11-18', '2024-11-23 09:51:26', '2024-11-23 09:51:26'),
(445, 7, 14, '2024-11-23', 9, 8, 7, 10, 34, '2024-11-18', '2024-11-23 09:51:46', '2024-11-23 09:51:46'),
(446, 7, 33, '2024-11-23', 8, 8, 8, 9, 33, '2024-11-18', '2024-11-23 09:52:04', '2024-11-23 09:52:04'),
(447, 7, 34, '2024-11-23', 8, 8, 8, 8, 32, '2024-11-18', '2024-11-23 09:52:17', '2024-11-23 09:52:17'),
(448, 7, 19, '2024-11-23', 8, 8, 8, 8, 32, '2024-11-18', '2024-11-23 09:52:29', '2024-11-23 09:52:29'),
(449, 7, 5, '2024-11-23', 8, 9, 8, 8, 33, '2024-11-18', '2024-11-23 09:52:43', '2024-11-23 09:52:43'),
(450, 7, 25, '2024-11-23', 8, 8, 8, 9, 33, '2024-11-18', '2024-11-23 09:52:56', '2024-11-23 09:52:56'),
(451, 7, 15, '2024-11-23', 9, 8, 8, 8, 33, '2024-11-18', '2024-11-23 09:53:12', '2024-11-23 09:53:12'),
(452, 7, 26, '2024-11-23', 9, 8, 8, 8, 33, '2024-11-18', '2024-11-23 09:53:25', '2024-11-23 09:53:25'),
(453, 7, 20, '2024-11-23', 8, 10, 8, 10, 36, '2024-11-18', '2024-11-23 09:53:40', '2024-11-23 09:53:40'),
(454, 7, 16, '2024-11-23', 8, 8, 8, 10, 34, '2024-11-18', '2024-11-23 09:54:00', '2024-11-23 09:54:00'),
(455, 7, 6, '2024-11-23', 8, 8, 8, 8, 32, '2024-11-18', '2024-11-23 09:54:13', '2024-11-23 09:54:13'),
(456, 7, 7, '2024-11-23', 10, 10, 9, 9, 38, '2024-11-18', '2024-11-23 09:54:29', '2024-11-23 09:54:29'),
(457, 7, 8, '2024-11-23', 8, 8, 8, 9, 33, '2024-11-18', '2024-11-23 09:54:55', '2024-11-23 09:54:55'),
(458, 7, 21, '2024-11-23', 9, 8, 8, 8, 33, '2024-11-18', '2024-11-23 09:55:07', '2024-11-23 09:55:07'),
(459, 7, 35, '2024-11-23', 8, 8, 8, 9, 33, '2024-11-18', '2024-11-23 09:55:18', '2024-11-23 09:55:18'),
(460, 7, 27, '2024-11-23', 8, 8, 8, 10, 34, '2024-11-18', '2024-11-23 09:55:33', '2024-11-23 09:55:33'),
(461, 7, 28, '2024-11-23', 8, 8, 8, 8, 32, '2024-11-18', '2024-11-23 09:55:45', '2024-11-23 09:55:45'),
(462, 7, 29, '2024-11-23', 8, 8, 8, 9, 33, '2024-11-18', '2024-11-23 09:55:57', '2024-11-23 09:55:57'),
(463, 5, 9, '2024-11-25', 5, 5, 5, 5, 20, '2024-11-25', '2024-11-24 23:53:17', '2024-11-24 23:53:17'),
(464, 6, 9, '2024-11-25', 5, 5, 5, 5, 20, '2024-11-25', '2024-11-25 00:25:12', '2024-11-25 00:25:12'),
(465, 5, 9, '2024-09-26', 10, 10, 10, 10, 40, '2024-09-23', '2024-11-25 01:41:28', '2024-11-25 01:41:28');

-- --------------------------------------------------------

--
-- Table structure for table `penilaian_ruangans`
--

CREATE TABLE `penilaian_ruangans` (
  `id` bigint UNSIGNED NOT NULL,
  `penilai` tinyint NOT NULL,
  `ruangan_id` tinyint NOT NULL,
  `tanggal_penilaian` date NOT NULL,
  `kebersihan` tinyint NOT NULL,
  `keindahan` tinyint NOT NULL,
  `kerapian` tinyint NOT NULL,
  `total_nilai` tinyint NOT NULL,
  `tanggal_awal_mingguan` date NOT NULL,
  `created_at` timestamp NULL DEFAULT NULL,
  `updated_at` timestamp NULL DEFAULT NULL
) ENGINE=InnoDB DEFAULT CHARSET=utf8mb4 COLLATE=utf8mb4_unicode_ci;

--
-- Dumping data for table `penilaian_ruangans`
--

INSERT INTO `penilaian_ruangans` (`id`, `penilai`, `ruangan_id`, `tanggal_penilaian`, `kebersihan`, `keindahan`, `kerapian`, `total_nilai`, `tanggal_awal_mingguan`, `created_at`, `updated_at`) VALUES
(6, 3, 5, '2024-11-04', 9, 9, 9, 27, '2024-11-04', NULL, NULL),
(7, 3, 4, '2024-11-04', 8, 8, 8, 24, '2024-11-04', NULL, NULL),
(8, 3, 1, '2024-11-04', 8, 8, 8, 24, '2024-11-04', NULL, NULL),
(9, 3, 3, '2024-11-04', 8, 8, 8, 24, '2024-11-04', NULL, NULL),
(10, 3, 2, '2024-11-04', 8, 8, 8, 24, '2024-11-04', NULL, NULL),
(11, 7, 5, '2024-11-04', 10, 9, 9, 28, '2024-11-04', NULL, NULL),
(12, 4, 5, '2024-11-05', 8, 8, 8, 24, '2024-11-04', NULL, NULL),
(13, 4, 4, '2024-11-05', 8, 7, 7, 22, '2024-11-04', NULL, NULL),
(14, 4, 1, '2024-11-05', 8, 8, 8, 24, '2024-11-04', NULL, NULL),
(15, 4, 3, '2024-11-05', 8, 8, 8, 24, '2024-11-04', NULL, NULL),
(16, 4, 2, '2024-11-05', 8, 8, 8, 24, '2024-11-04', NULL, NULL),
(17, 6, 5, '2024-11-06', 8, 8, 8, 24, '2024-11-04', NULL, NULL),
(18, 6, 4, '2024-11-06', 9, 9, 8, 26, '2024-11-04', NULL, NULL),
(19, 6, 1, '2024-11-06', 9, 9, 8, 26, '2024-11-04', NULL, NULL),
(20, 6, 3, '2024-11-06', 9, 9, 9, 27, '2024-11-04', NULL, NULL),
(21, 6, 2, '2024-11-06', 9, 8, 9, 26, '2024-11-04', NULL, NULL),
(22, 5, 5, '2024-11-07', 6, 6, 7, 19, '2024-11-04', NULL, NULL),
(23, 5, 4, '2024-11-07', 7, 7, 7, 21, '2024-11-04', NULL, NULL),
(24, 5, 1, '2024-11-07', 7, 7, 7, 21, '2024-11-04', NULL, NULL),
(25, 5, 3, '2024-11-07', 7, 7, 7, 21, '2024-11-04', NULL, NULL),
(26, 5, 2, '2024-11-07', 7, 9, 8, 24, '2024-11-04', NULL, NULL),
(27, 7, 4, '2024-11-07', 8, 7, 8, 23, '2024-11-04', NULL, NULL),
(28, 7, 1, '2024-11-07', 8, 8, 9, 25, '2024-11-04', NULL, NULL),
(29, 7, 3, '2024-11-07', 8, 8, 10, 26, '2024-11-04', NULL, NULL),
(30, 7, 2, '2024-11-07', 8, 8, 8, 24, '2024-11-04', NULL, NULL),
(31, 6, 4, '2024-11-12', 8, 8, 8, 24, '2024-11-11', NULL, NULL),
(32, 6, 5, '2024-11-12', 8, 7, 7, 22, '2024-11-11', NULL, NULL),
(33, 6, 2, '2024-11-12', 8, 8, 8, 24, '2024-11-11', NULL, NULL),
(34, 6, 1, '2024-11-12', 8, 8, 8, 24, '2024-11-11', NULL, NULL),
(35, 6, 3, '2024-11-12', 8, 9, 8, 25, '2024-11-11', NULL, NULL),
(36, 7, 5, '2024-11-13', 8, 8, 8, 24, '2024-11-11', NULL, NULL),
(37, 7, 4, '2024-11-13', 8, 8, 8, 24, '2024-11-11', NULL, NULL),
(38, 7, 1, '2024-11-13', 8, 8, 9, 25, '2024-11-11', NULL, NULL),
(39, 7, 3, '2024-11-13', 8, 9, 10, 27, '2024-11-11', NULL, NULL),
(40, 7, 2, '2024-11-13', 8, 8, 8, 24, '2024-11-11', NULL, NULL),
(41, 3, 5, '2024-11-15', 8, 8, 8, 24, '2024-11-11', NULL, NULL),
(42, 3, 4, '2024-11-15', 8, 8, 8, 24, '2024-11-11', NULL, NULL),
(43, 3, 1, '2024-11-15', 8, 8, 8, 24, '2024-11-11', NULL, NULL),
(44, 3, 3, '2024-11-15', 8, 8, 8, 24, '2024-11-11', NULL, NULL),
(45, 3, 2, '2024-11-15', 8, 8, 8, 24, '2024-11-11', NULL, NULL),
(46, 4, 5, '2024-11-15', 7, 8, 7, 22, '2024-11-11', NULL, NULL),
(47, 4, 4, '2024-11-15', 7, 8, 8, 23, '2024-11-11', NULL, NULL),
(48, 4, 1, '2024-11-15', 8, 8, 8, 24, '2024-11-11', NULL, NULL),
(49, 4, 3, '2024-11-15', 8, 8, 8, 24, '2024-11-11', NULL, NULL),
(50, 4, 2, '2024-11-15', 8, 8, 8, 24, '2024-11-11', NULL, NULL),
(51, 5, 5, '2024-11-22', 6, 6, 6, 18, '2024-11-18', '2024-11-22 12:15:42', '2024-11-22 12:15:42'),
(52, 5, 4, '2024-11-22', 7, 7, 7, 21, '2024-11-18', '2024-11-22 12:16:06', '2024-11-22 12:16:06'),
(53, 5, 3, '2024-11-22', 6, 7, 7, 20, '2024-11-18', '2024-11-22 12:16:31', '2024-11-22 12:16:31'),
(54, 5, 1, '2024-11-22', 7, 8, 8, 23, '2024-11-18', '2024-11-22 12:16:44', '2024-11-22 12:16:44'),
(55, 5, 2, '2024-11-22', 8, 8, 8, 24, '2024-11-18', '2024-11-22 12:16:53', '2024-11-22 12:16:53'),
(56, 3, 1, '2024-11-22', 8, 7, 7, 22, '2024-11-18', '2024-11-22 12:28:17', '2024-11-22 12:28:17'),
(57, 3, 2, '2024-11-22', 8, 7, 7, 22, '2024-11-18', '2024-11-22 12:28:32', '2024-11-22 12:28:32'),
(58, 3, 3, '2024-11-22', 8, 8, 7, 23, '2024-11-18', '2024-11-22 12:28:47', '2024-11-22 12:28:47'),
(59, 3, 4, '2024-11-22', 8, 7, 7, 22, '2024-11-18', '2024-11-22 12:29:05', '2024-11-22 12:29:05'),
(60, 3, 5, '2024-11-22', 7, 7, 7, 21, '2024-11-18', '2024-11-22 12:29:20', '2024-11-22 12:29:20'),
(62, 7, 1, '2024-11-23', 8, 8, 7, 23, '2024-11-18', '2024-11-23 09:45:57', '2024-11-23 09:45:57'),
(63, 7, 2, '2024-11-23', 8, 8, 8, 24, '2024-11-18', '2024-11-23 09:46:14', '2024-11-23 09:46:14'),
(64, 7, 3, '2024-11-23', 8, 8, 8, 24, '2024-11-18', '2024-11-23 09:46:27', '2024-11-23 09:46:27'),
(65, 7, 4, '2024-11-23', 8, 8, 8, 24, '2024-11-18', '2024-11-23 09:46:39', '2024-11-23 09:46:39'),
(66, 7, 5, '2024-11-23', 8, 8, 7, 23, '2024-11-18', '2024-11-23 09:47:02', '2024-11-23 09:47:02'),
(67, 0, 1, '2024-11-22', 8, 9, 8, 25, '2024-11-18', '2024-11-24 20:06:06', '2024-11-24 20:06:06'),
(68, 0, 2, '2024-11-21', 9, 9, 7, 25, '2024-11-18', '2024-11-24 20:06:25', '2024-11-24 20:06:25'),
(69, 0, 3, '2024-11-20', 5, 7, 6, 18, '2024-11-18', '2024-11-24 20:06:38', '2024-11-24 20:06:38'),
(70, 0, 4, '2024-11-18', 7, 10, 9, 26, '2024-11-18', '2024-11-24 20:07:02', '2024-11-24 20:07:02'),
(71, 0, 5, '2024-11-19', 10, 10, 9, 29, '2024-11-18', '2024-11-24 20:07:18', '2024-11-24 20:07:18'),
(72, 0, 1, '2024-11-25', 5, 5, 5, 15, '2024-11-25', '2024-11-24 23:52:33', '2024-11-24 23:52:33'),
(73, 5, 1, '2024-11-25', 5, 5, 5, 15, '2024-11-25', '2024-11-24 23:53:06', '2024-11-24 23:53:06'),
(74, 5, 2, '2024-11-25', 5, 5, 5, 15, '2024-11-25', '2024-11-25 00:02:02', '2024-11-25 00:02:02'),
(75, 5, 1, '2024-11-13', 5, 5, 5, 15, '2024-11-11', '2024-11-25 00:44:53', '2024-11-25 00:44:53'),
(76, 5, 4, '2024-10-02', 10, 10, 10, 30, '2024-09-30', '2024-11-25 01:41:43', '2024-11-25 01:41:43');

-- --------------------------------------------------------

--
-- Table structure for table `personal_access_tokens`
--

CREATE TABLE `personal_access_tokens` (
  `id` bigint UNSIGNED NOT NULL,
  `tokenable_type` varchar(255) COLLATE utf8mb4_unicode_ci NOT NULL,
  `tokenable_id` bigint UNSIGNED NOT NULL,
  `name` varchar(255) COLLATE utf8mb4_unicode_ci NOT NULL,
  `token` varchar(64) COLLATE utf8mb4_unicode_ci NOT NULL,
  `abilities` text COLLATE utf8mb4_unicode_ci,
  `last_used_at` timestamp NULL DEFAULT NULL,
  `expires_at` timestamp NULL DEFAULT NULL,
  `created_at` timestamp NULL DEFAULT NULL,
  `updated_at` timestamp NULL DEFAULT NULL
) ENGINE=InnoDB DEFAULT CHARSET=utf8mb4 COLLATE=utf8mb4_unicode_ci;

-- --------------------------------------------------------

--
-- Table structure for table `ruangans`
--

CREATE TABLE `ruangans` (
  `id` bigint UNSIGNED NOT NULL,
  `nama` varchar(100) COLLATE utf8mb4_unicode_ci NOT NULL,
  `created_at` timestamp NULL DEFAULT NULL,
  `updated_at` timestamp NULL DEFAULT NULL
) ENGINE=InnoDB DEFAULT CHARSET=utf8mb4 COLLATE=utf8mb4_unicode_ci;

--
-- Dumping data for table `ruangans`
--

INSERT INTO `ruangans` (`id`, `nama`, `created_at`, `updated_at`) VALUES
(1, 'Ruang Distribusi', NULL, NULL),
(2, 'Ruang Neraca & Diseminasi', NULL, NULL),
(3, 'Ruang Produksi', NULL, NULL),
(4, 'Ruang Sosial & Pengolahan', NULL, NULL),
(5, 'Ruang TU', NULL, NULL);

-- --------------------------------------------------------

--
-- Table structure for table `users`
--

CREATE TABLE `users` (
  `id` bigint UNSIGNED NOT NULL,
  `nama` varchar(50) COLLATE utf8mb4_unicode_ci NOT NULL,
  `username` varchar(50) COLLATE utf8mb4_unicode_ci NOT NULL,
  `role` varchar(20) COLLATE utf8mb4_unicode_ci NOT NULL,
  `email_verified_at` timestamp NULL DEFAULT NULL,
  `password` varchar(255) COLLATE utf8mb4_unicode_ci NOT NULL,
  `remember_token` varchar(100) COLLATE utf8mb4_unicode_ci DEFAULT NULL,
  `created_at` timestamp NULL DEFAULT NULL,
  `updated_at` timestamp NULL DEFAULT NULL
) ENGINE=InnoDB DEFAULT CHARSET=utf8mb4 COLLATE=utf8mb4_unicode_ci;

--
-- Dumping data for table `users`
--

INSERT INTO `users` (`id`, `nama`, `username`, `role`, `email_verified_at`, `password`, `remember_token`, `created_at`, `updated_at`) VALUES
(0, 'Mustaqim', 'kepala_bps', 'Penilai', NULL, '$2y$12$K.y23B6Oiqgf9RtCY1bklu6UdF/JACau8wn0zsKdRQ.f2biBJJjDu', NULL, '2024-11-17 19:38:12', '2024-11-17 19:38:12'),
(1, 'Admin', 'admin', 'Admin', NULL, '$2y$10$.l5j1Jt58kq4oSJAjyxAT.4R1dfIdTpIO3d02gzb1vJFDnqgNgyQK', NULL, '2024-11-16 03:55:48', '2024-11-18 20:03:29'),
(2, 'Bibit Setyaningrum', 'bibit', 'Admin', NULL, '$2y$12$59XqQGpspJ64dSS5YEJ85O3W2P.hOfrV16QkDO1Lsvnpn6no0Br9u', NULL, '2024-11-18 19:58:49', '2024-11-18 20:01:36'),
(3, 'Muarif', 'muarif', 'Penilai', NULL, '$2y$12$xkU3Cp76nfdDgrfSTeCkcu7GyQ06Nf4EZOiXQ5E8hWmf.2xY4F6FO', NULL, '2024-11-16 06:33:47', '2024-11-16 23:11:46'),
(4, 'Irvan', 'irvan', 'Penilai', NULL, '$2y$12$5q6Ooq3QwhR4HX4sqAXmsOvBYnjpBxXalHN/Zsz36.x2.kzI4cuwu', NULL, '2024-11-16 06:35:19', '2024-11-16 23:17:50'),
(5, 'Annas', 'annas', 'Penilai', NULL, '$2y$12$S2hMhJipxkA0S0GavKcBaefRPgJ5sCvgPIuE5bhzjPtAQeE4WtLni', NULL, '2024-11-16 06:36:26', '2024-11-16 23:18:36'),
(6, 'Budi', 'budi', 'Penilai', NULL, '$2y$12$x5qr3Z6nS530gsI52I/S/e5ATR/vBhvYmrcYGhn1pwamEguvF.kSa', NULL, '2024-11-16 06:37:28', '2024-11-16 23:18:13'),
(7, 'Teguh', 'teguh', 'Penilai', NULL, '$2y$12$w656oZIC.Gk18MHO3nwWdOppk3HQoEl5bMga1qSCxB2mSidYKPikm', NULL, '2024-11-16 06:38:49', '2024-11-16 23:18:23'),
(9, 'Zuhdi Ali Hisyam', 'zuhdi', 'Penilai', NULL, '$2y$12$MdM3/AyF3f3b/yzhBW5OOO/Ex5gD/N/8PL3io.OuaP/8ulrDD5zeq', NULL, '2024-11-16 20:17:59', '2024-11-16 20:17:59'),
(13, 'Anto Sudarmanto', 'anto', 'Admin', NULL, '$2y$12$Phx.RHSk8D2oSPj5Va43P.HXZW6CaLOonZhB2ALUGPq/LVP2FGR.q', NULL, '2024-11-18 20:00:38', '2024-11-18 20:01:12');

--
-- Indexes for dumped tables
--

--
-- Indexes for table `failed_jobs`
--
ALTER TABLE `failed_jobs`
  ADD PRIMARY KEY (`id`),
  ADD UNIQUE KEY `failed_jobs_uuid_unique` (`uuid`);

--
-- Indexes for table `migrations`
--
ALTER TABLE `migrations`
  ADD PRIMARY KEY (`id`);

--
-- Indexes for table `password_reset_tokens`
--
ALTER TABLE `password_reset_tokens`
  ADD PRIMARY KEY (`email`);

--
-- Indexes for table `pegawais`
--
ALTER TABLE `pegawais`
  ADD PRIMARY KEY (`id`);

--
-- Indexes for table `penilaians`
--
ALTER TABLE `penilaians`
  ADD PRIMARY KEY (`id`);

--
-- Indexes for table `penilaian_ruangans`
--
ALTER TABLE `penilaian_ruangans`
  ADD PRIMARY KEY (`id`);

--
-- Indexes for table `personal_access_tokens`
--
ALTER TABLE `personal_access_tokens`
  ADD PRIMARY KEY (`id`),
  ADD UNIQUE KEY `personal_access_tokens_token_unique` (`token`),
  ADD KEY `personal_access_tokens_tokenable_type_tokenable_id_index` (`tokenable_type`,`tokenable_id`);

--
-- Indexes for table `ruangans`
--
ALTER TABLE `ruangans`
  ADD PRIMARY KEY (`id`);

--
-- Indexes for table `users`
--
ALTER TABLE `users`
  ADD PRIMARY KEY (`id`),
  ADD UNIQUE KEY `users_email_unique` (`username`);

--
-- AUTO_INCREMENT for dumped tables
--

--
-- AUTO_INCREMENT for table `failed_jobs`
--
ALTER TABLE `failed_jobs`
  MODIFY `id` bigint UNSIGNED NOT NULL AUTO_INCREMENT;

--
-- AUTO_INCREMENT for table `migrations`
--
ALTER TABLE `migrations`
  MODIFY `id` int UNSIGNED NOT NULL AUTO_INCREMENT, AUTO_INCREMENT=15;

--
-- AUTO_INCREMENT for table `pegawais`
--
ALTER TABLE `pegawais`
  MODIFY `id` bigint UNSIGNED NOT NULL AUTO_INCREMENT, AUTO_INCREMENT=36;

--
-- AUTO_INCREMENT for table `penilaians`
--
ALTER TABLE `penilaians`
  MODIFY `id` bigint UNSIGNED NOT NULL AUTO_INCREMENT, AUTO_INCREMENT=466;

--
-- AUTO_INCREMENT for table `penilaian_ruangans`
--
ALTER TABLE `penilaian_ruangans`
  MODIFY `id` bigint UNSIGNED NOT NULL AUTO_INCREMENT, AUTO_INCREMENT=77;

--
-- AUTO_INCREMENT for table `personal_access_tokens`
--
ALTER TABLE `personal_access_tokens`
  MODIFY `id` bigint UNSIGNED NOT NULL AUTO_INCREMENT;

--
-- AUTO_INCREMENT for table `ruangans`
--
ALTER TABLE `ruangans`
  MODIFY `id` bigint UNSIGNED NOT NULL AUTO_INCREMENT, AUTO_INCREMENT=6;

--
-- AUTO_INCREMENT for table `users`
--
ALTER TABLE `users`
  MODIFY `id` bigint UNSIGNED NOT NULL AUTO_INCREMENT, AUTO_INCREMENT=15;
COMMIT;

/*!40101 SET CHARACTER_SET_CLIENT=@OLD_CHARACTER_SET_CLIENT */;
/*!40101 SET CHARACTER_SET_RESULTS=@OLD_CHARACTER_SET_RESULTS */;
/*!40101 SET COLLATION_CONNECTION=@OLD_COLLATION_CONNECTION */;
